-- MySQL dump 10.13  Distrib 8.0.32, for Win64 (x86_64)
--
-- Host: localhost    Database: travel
-- ------------------------------------------------------
-- Server version	8.0.32

/*!40101 SET @OLD_CHARACTER_SET_CLIENT=@@CHARACTER_SET_CLIENT */;
/*!40101 SET @OLD_CHARACTER_SET_RESULTS=@@CHARACTER_SET_RESULTS */;
/*!40101 SET @OLD_COLLATION_CONNECTION=@@COLLATION_CONNECTION */;
/*!50503 SET NAMES utf8 */;
/*!40103 SET @OLD_TIME_ZONE=@@TIME_ZONE */;
/*!40103 SET TIME_ZONE='+00:00' */;
/*!40014 SET @OLD_UNIQUE_CHECKS=@@UNIQUE_CHECKS, UNIQUE_CHECKS=0 */;
/*!40014 SET @OLD_FOREIGN_KEY_CHECKS=@@FOREIGN_KEY_CHECKS, FOREIGN_KEY_CHECKS=0 */;
/*!40101 SET @OLD_SQL_MODE=@@SQL_MODE, SQL_MODE='NO_AUTO_VALUE_ON_ZERO' */;
/*!40111 SET @OLD_SQL_NOTES=@@SQL_NOTES, SQL_NOTES=0 */;

--
-- Table structure for table `address`
--

DROP TABLE IF EXISTS `address`;
/*!40101 SET @saved_cs_client     = @@character_set_client */;
/*!50503 SET character_set_client = utf8mb4 */;
CREATE TABLE `address` (
  `id` int NOT NULL AUTO_INCREMENT,
  `city` varchar(255) DEFAULT NULL,
  `country` varchar(255) DEFAULT NULL,
  `state` varchar(255) DEFAULT NULL,
  PRIMARY KEY (`id`)
) ENGINE=InnoDB AUTO_INCREMENT=8 DEFAULT CHARSET=utf8mb4 COLLATE=utf8mb4_0900_ai_ci;
/*!40101 SET character_set_client = @saved_cs_client */;

--
-- Dumping data for table `address`
--

LOCK TABLES `address` WRITE;
/*!40000 ALTER TABLE `address` DISABLE KEYS */;
INSERT INTO `address` VALUES (1,'130202','VN','SG'),(2,'130630','VN','35'),(3,'130400','VN','47'),(4,'130201','VN','HN'),(5,'130187','VN','59'),(6,'130191','VN','SG'),(7,'130201','VN','HN');
/*!40000 ALTER TABLE `address` ENABLE KEYS */;
UNLOCK TABLES;

--
-- Table structure for table `hotel`
--

DROP TABLE IF EXISTS `hotel`;
/*!40101 SET @saved_cs_client     = @@character_set_client */;
/*!50503 SET character_set_client = utf8mb4 */;
CREATE TABLE `hotel` (
  `id` int NOT NULL AUTO_INCREMENT,
  `address_detail` varchar(255) DEFAULT NULL,
  `created_date` datetime(6) DEFAULT NULL,
  `description` longtext,
  `image` varchar(255) DEFAULT NULL,
  `is_active` bit(1) DEFAULT NULL,
  `name` varchar(255) NOT NULL,
  `price` double DEFAULT NULL,
  `star_rate` int DEFAULT NULL,
  `updated_date` datetime(6) DEFAULT NULL,
  `address_id` int DEFAULT NULL,
  PRIMARY KEY (`id`),
  UNIQUE KEY `UK_owt8iiq4d3dff6uvmdyjbmmar` (`address_id`),
  CONSTRAINT `FK48m0ei7s6biikxbrku04slp0s` FOREIGN KEY (`address_id`) REFERENCES `address` (`id`),
  CONSTRAINT `hotel_chk_1` CHECK ((`price` >= 0))
) ENGINE=InnoDB AUTO_INCREMENT=2 DEFAULT CHARSET=utf8mb4 COLLATE=utf8mb4_0900_ai_ci;
/*!40101 SET character_set_client = @saved_cs_client */;

--
-- Dumping data for table `hotel`
--

LOCK TABLES `hotel` WRITE;
/*!40000 ALTER TABLE `hotel` DISABLE KEYS */;
INSERT INTO `hotel` VALUES (1,'246B Hàng Bông, Cửa  Nam, Quận Hoàn Kiếm, Hà Nội, Việt Nam',NULL,'Millennium Hanoi Hotel là một khách sạn nằm trong khu vực an ninh, toạ lạc tại Cửa Nam. Quầy tiếp tân 24 giờ luôn sẵn sàng phục vụ quý khách từ thủ tục nhận phòng đến trả phòng hay bất kỳ yêu cầu nào.','https://world-story-travel.s3.amazonaws.com/images/product-details-4.jpg',_binary '','Millennium Hanoi Hotel',600000,5,NULL,7);
/*!40000 ALTER TABLE `hotel` ENABLE KEYS */;
UNLOCK TABLES;

--
-- Table structure for table `hotel_booking`
--

DROP TABLE IF EXISTS `hotel_booking`;
/*!40101 SET @saved_cs_client     = @@character_set_client */;
/*!50503 SET character_set_client = utf8mb4 */;
CREATE TABLE `hotel_booking` (
  `id` int NOT NULL AUTO_INCREMENT,
  `address` varchar(255) DEFAULT NULL,
  `created_date` datetime(6) DEFAULT NULL,
  `email` varchar(255) DEFAULT NULL,
  `name` varchar(255) DEFAULT NULL,
  `phone` varchar(255) DEFAULT NULL,
  `hotel_id` int DEFAULT NULL,
  PRIMARY KEY (`id`),
  KEY `FKjlo84i0jvx7jw2ot8dkj84xtd` (`hotel_id`),
  CONSTRAINT `FKjlo84i0jvx7jw2ot8dkj84xtd` FOREIGN KEY (`hotel_id`) REFERENCES `hotel` (`id`)
) ENGINE=InnoDB DEFAULT CHARSET=utf8mb4 COLLATE=utf8mb4_0900_ai_ci;
/*!40101 SET character_set_client = @saved_cs_client */;

--
-- Dumping data for table `hotel_booking`
--

LOCK TABLES `hotel_booking` WRITE;
/*!40000 ALTER TABLE `hotel_booking` DISABLE KEYS */;
/*!40000 ALTER TABLE `hotel_booking` ENABLE KEYS */;
UNLOCK TABLES;

--
-- Table structure for table `hotel_gallery`
--

DROP TABLE IF EXISTS `hotel_gallery`;
/*!40101 SET @saved_cs_client     = @@character_set_client */;
/*!50503 SET character_set_client = utf8mb4 */;
CREATE TABLE `hotel_gallery` (
  `hotel_id` int NOT NULL,
  `gallery_id` int NOT NULL,
  UNIQUE KEY `UK_ewo67193crus89jk6tbilgobw` (`gallery_id`),
  KEY `FK1ux55exwon85an9d3gg6508j2` (`hotel_id`),
  CONSTRAINT `FK1ux55exwon85an9d3gg6508j2` FOREIGN KEY (`hotel_id`) REFERENCES `hotel` (`id`),
  CONSTRAINT `FK4t7d9ea9l67k27gupx3uvdvhc` FOREIGN KEY (`gallery_id`) REFERENCES `image` (`id`)
) ENGINE=InnoDB DEFAULT CHARSET=utf8mb4 COLLATE=utf8mb4_0900_ai_ci;
/*!40101 SET character_set_client = @saved_cs_client */;

--
-- Dumping data for table `hotel_gallery`
--

LOCK TABLES `hotel_gallery` WRITE;
/*!40000 ALTER TABLE `hotel_gallery` DISABLE KEYS */;
INSERT INTO `hotel_gallery` VALUES (1,1),(1,2),(1,3),(1,4);
/*!40000 ALTER TABLE `hotel_gallery` ENABLE KEYS */;
UNLOCK TABLES;

--
-- Table structure for table `image`
--

DROP TABLE IF EXISTS `image`;
/*!40101 SET @saved_cs_client     = @@character_set_client */;
/*!50503 SET character_set_client = utf8mb4 */;
CREATE TABLE `image` (
  `id` int NOT NULL AUTO_INCREMENT,
  `link` varchar(255) DEFAULT NULL,
  PRIMARY KEY (`id`)
) ENGINE=InnoDB AUTO_INCREMENT=5 DEFAULT CHARSET=utf8mb4 COLLATE=utf8mb4_0900_ai_ci;
/*!40101 SET character_set_client = @saved_cs_client */;

--
-- Dumping data for table `image`
--

LOCK TABLES `image` WRITE;
/*!40000 ALTER TABLE `image` DISABLE KEYS */;
INSERT INTO `image` VALUES (1,'https://world-story-travel.s3.amazonaws.com/images/product-1-min.jpg'),(2,'https://world-story-travel.s3.amazonaws.com/images/product-2-min.jpg'),(3,'https://world-story-travel.s3.amazonaws.com/images/product-3-min.jpg'),(4,'https://world-story-travel.s3.amazonaws.com/images/product-4-min.jpg');
/*!40000 ALTER TABLE `image` ENABLE KEYS */;
UNLOCK TABLES;

--
-- Table structure for table `receipt`
--

DROP TABLE IF EXISTS `receipt`;
/*!40101 SET @saved_cs_client     = @@character_set_client */;
/*!50503 SET character_set_client = utf8mb4 */;
CREATE TABLE `receipt` (
  `id` int NOT NULL AUTO_INCREMENT,
  `created_date` datetime(6) DEFAULT NULL,
  `price` double DEFAULT NULL,
  `proof` varchar(255) DEFAULT NULL,
  `trip_id` int DEFAULT NULL,
  `user_id` varchar(255) DEFAULT NULL,
  PRIMARY KEY (`id`),
  KEY `FKt8dhd6y43pmn9mnkg6r7ddi6c` (`trip_id`),
  KEY `FKrs0n6mlmm5xuxoq2h7dafuw88` (`user_id`),
  CONSTRAINT `FKrs0n6mlmm5xuxoq2h7dafuw88` FOREIGN KEY (`user_id`) REFERENCES `user` (`id`),
  CONSTRAINT `FKt8dhd6y43pmn9mnkg6r7ddi6c` FOREIGN KEY (`trip_id`) REFERENCES `trip` (`id`)
) ENGINE=InnoDB DEFAULT CHARSET=utf8mb4 COLLATE=utf8mb4_0900_ai_ci;
/*!40101 SET character_set_client = @saved_cs_client */;

--
-- Dumping data for table `receipt`
--

LOCK TABLES `receipt` WRITE;
/*!40000 ALTER TABLE `receipt` DISABLE KEYS */;
/*!40000 ALTER TABLE `receipt` ENABLE KEYS */;
UNLOCK TABLES;

--
-- Table structure for table `role`
--

DROP TABLE IF EXISTS `role`;
/*!40101 SET @saved_cs_client     = @@character_set_client */;
/*!50503 SET character_set_client = utf8mb4 */;
CREATE TABLE `role` (
  `id` int NOT NULL AUTO_INCREMENT,
  `name` enum('ADMIN','ADVISOR','CUSTOMER','TOUR_GUIDE') DEFAULT NULL,
  PRIMARY KEY (`id`)
) ENGINE=InnoDB AUTO_INCREMENT=4 DEFAULT CHARSET=utf8mb4 COLLATE=utf8mb4_0900_ai_ci;
/*!40101 SET character_set_client = @saved_cs_client */;

--
-- Dumping data for table `role`
--

LOCK TABLES `role` WRITE;
/*!40000 ALTER TABLE `role` DISABLE KEYS */;
INSERT INTO `role` VALUES (1,'ADMIN'),(2,'CUSTOMER'),(3,'ADVISOR');
/*!40000 ALTER TABLE `role` ENABLE KEYS */;
UNLOCK TABLES;

--
-- Table structure for table `tour`
--

DROP TABLE IF EXISTS `tour`;
/*!40101 SET @saved_cs_client     = @@character_set_client */;
/*!50503 SET character_set_client = utf8mb4 */;
CREATE TABLE `tour` (
  `id` int NOT NULL AUTO_INCREMENT,
  `created_date` datetime(6) DEFAULT NULL,
  `day_duration` int NOT NULL,
  `image` varchar(255) DEFAULT NULL,
  `is_active` bit(1) DEFAULT NULL,
  `name` varchar(255) NOT NULL,
  `night_duration` int NOT NULL,
  `price` double NOT NULL,
  `updated_date` datetime(6) DEFAULT NULL,
  `vehicle` varchar(255) NOT NULL,
  `departure_id` int DEFAULT NULL,
  `tour_detail_id` int DEFAULT NULL,
  PRIMARY KEY (`id`),
  UNIQUE KEY `UK_4sjo7sv8sjinjh07th0dmiwa4` (`departure_id`),
  UNIQUE KEY `UK_5bma876ms4du6den9ythovp35` (`tour_detail_id`),
  CONSTRAINT `FK8o111fg9xaltu239qos8n1sq0` FOREIGN KEY (`departure_id`) REFERENCES `address` (`id`),
  CONSTRAINT `FKre5skfc0sqa4k790x1ig0apqy` FOREIGN KEY (`tour_detail_id`) REFERENCES `tour_detail` (`id`),
  CONSTRAINT `tour_chk_1` CHECK ((`day_duration` >= 1)),
  CONSTRAINT `tour_chk_2` CHECK ((`night_duration` >= 1)),
  CONSTRAINT `tour_chk_3` CHECK ((`price` >= 1000))
) ENGINE=InnoDB AUTO_INCREMENT=4 DEFAULT CHARSET=utf8mb4 COLLATE=utf8mb4_0900_ai_ci;
/*!40101 SET character_set_client = @saved_cs_client */;

--
-- Dumping data for table `tour`
--

LOCK TABLES `tour` WRITE;
/*!40000 ALTER TABLE `tour` DISABLE KEYS */;
INSERT INTO `tour` VALUES (1,'2023-12-08 14:40:59.866567',2,'https://world-story-travel.s3.amazonaws.com/images/product-details-1.jpg',_binary '','Đà Lạt - Hồ Chí Minh',2,1000000,'2023-12-08 14:40:59.944891','Ô tô',2,1),(2,'2023-12-08 14:43:46.198078',3,'https://world-story-travel.s3.amazonaws.com/images/product-1-min.jpg',_binary '','PHÚ QUỐC BIỂN ĐẢO',2,1000000,'2023-12-08 14:43:46.258655','Máy bay, xe du lịch đời mới',4,2),(3,'2023-12-08 14:45:22.465875',2,'https://world-story-travel.s3.amazonaws.com/images/product-details-5.jpg',_binary '','CẦN THƠ - CÀ MAU 2N1D',1,500000,'2023-12-08 14:45:22.486606','Option 1: Xe Du Lịch Option 2: Máy bay + xe du lịch',6,3);
/*!40000 ALTER TABLE `tour` ENABLE KEYS */;
UNLOCK TABLES;

--
-- Table structure for table `tour_booking`
--

DROP TABLE IF EXISTS `tour_booking`;
/*!40101 SET @saved_cs_client     = @@character_set_client */;
/*!50503 SET character_set_client = utf8mb4 */;
CREATE TABLE `tour_booking` (
  `id` int NOT NULL AUTO_INCREMENT,
  `adult_number` int NOT NULL,
  `baby_number` int NOT NULL,
  `child_number` int NOT NULL,
  `created_date` datetime(6) DEFAULT NULL,
  `departure_date` datetime(6) DEFAULT NULL,
  `description` varchar(255) DEFAULT NULL,
  `email` varchar(255) NOT NULL,
  `name` varchar(255) NOT NULL,
  `phone` varchar(255) NOT NULL,
  `state` enum('IN_PROCESS','PROCESSED','UN_PROCESS') DEFAULT NULL,
  `tour_id` int DEFAULT NULL,
  PRIMARY KEY (`id`),
  KEY `FKjegdedhssng1un5jlw1pubnwc` (`tour_id`),
  CONSTRAINT `FKjegdedhssng1un5jlw1pubnwc` FOREIGN KEY (`tour_id`) REFERENCES `tour` (`id`)
) ENGINE=InnoDB DEFAULT CHARSET=utf8mb4 COLLATE=utf8mb4_0900_ai_ci;
/*!40101 SET character_set_client = @saved_cs_client */;

--
-- Dumping data for table `tour_booking`
--

LOCK TABLES `tour_booking` WRITE;
/*!40000 ALTER TABLE `tour_booking` DISABLE KEYS */;
/*!40000 ALTER TABLE `tour_booking` ENABLE KEYS */;
UNLOCK TABLES;

--
-- Table structure for table `tour_destinations`
--

DROP TABLE IF EXISTS `tour_destinations`;
/*!40101 SET @saved_cs_client     = @@character_set_client */;
/*!50503 SET character_set_client = utf8mb4 */;
CREATE TABLE `tour_destinations` (
  `tour_id` int NOT NULL,
  `destinations_id` int NOT NULL,
  UNIQUE KEY `UK_klbkjwx70nu9i3leubrlqtmn9` (`destinations_id`),
  KEY `FKd1cgfltyu1dt34w0n3ekjanny` (`tour_id`),
  CONSTRAINT `FKd1cgfltyu1dt34w0n3ekjanny` FOREIGN KEY (`tour_id`) REFERENCES `tour` (`id`),
  CONSTRAINT `FKi7bvm9yg2f7dkfsx9x9l86cuw` FOREIGN KEY (`destinations_id`) REFERENCES `address` (`id`)
) ENGINE=InnoDB DEFAULT CHARSET=utf8mb4 COLLATE=utf8mb4_0900_ai_ci;
/*!40101 SET character_set_client = @saved_cs_client */;

--
-- Dumping data for table `tour_destinations`
--

LOCK TABLES `tour_destinations` WRITE;
/*!40000 ALTER TABLE `tour_destinations` DISABLE KEYS */;
INSERT INTO `tour_destinations` VALUES (1,1),(2,3),(3,5);
/*!40000 ALTER TABLE `tour_destinations` ENABLE KEYS */;
UNLOCK TABLES;

--
-- Table structure for table `tour_detail`
--

DROP TABLE IF EXISTS `tour_detail`;
/*!40101 SET @saved_cs_client     = @@character_set_client */;
/*!50503 SET character_set_client = utf8mb4 */;
CREATE TABLE `tour_detail` (
  `id` int NOT NULL AUTO_INCREMENT,
  `description` longtext,
  `schedule` longtext,
  PRIMARY KEY (`id`)
) ENGINE=InnoDB AUTO_INCREMENT=4 DEFAULT CHARSET=utf8mb4 COLLATE=utf8mb4_0900_ai_ci;
/*!40101 SET character_set_client = @saved_cs_client */;

--
-- Dumping data for table `tour_detail`
--

LOCK TABLES `tour_detail` WRITE;
/*!40000 ALTER TABLE `tour_detail` DISABLE KEYS */;
INSERT INTO `tour_detail` VALUES (1,'<p style=\"margin: 16px 0px; padding: 0px; border: 0px; font-size: 14px; vertical-align: baseline; line-height: 1.5; font-family: Roboto, sans-serif;\"><strong style=\"margin: 0px; padding: 0px; border: 0px; font-size: inherit; vertical-align: baseline; line-height: 1.5; font-family: inherit;\">*TOUR BAO GỒM:</strong></p><p style=\"margin: 16px 0px; padding: 0px; border: 0px; font-size: 14px; vertical-align: baseline; line-height: 1.5; font-family: Roboto, sans-serif;\"><span style=\"margin: 0px; padding: 0px; border: 0px; vertical-align: baseline; line-height: 1.5; font-family: inherit;\"><span style=\"margin: 0px; padding: 0px; border: 0px; font-size: inherit; vertical-align: baseline; line-height: 1.5; font-family: Arial, Helvetica, sans-serif;\">- Xe vận chuyển đầy đủ tiện nghi, ghế bật, máy lạnh, ti vi …(mỗi khách 1 ghế).</span></span></p><p style=\"margin: 16px 0px; padding: 0px; border: 0px; font-size: 14px; vertical-align: baseline; line-height: 1.5; font-family: Roboto, sans-serif;\"><span style=\"margin: 0px; padding: 0px; border: 0px; vertical-align: baseline; line-height: 1.5; font-family: inherit;\"><span style=\"margin: 0px; padding: 0px; border: 0px; font-size: inherit; vertical-align: baseline; line-height: 1.5; font-family: Arial, Helvetica, sans-serif;\">- Khách sạn : 2*+ 3* (2 khách 1 phòng,trường hợp lẻ ngủ 3 khách/phòng)</span></span></p><p style=\"margin: 16px 0px; padding: 0px; border: 0px; font-size: 14px; vertical-align: baseline; line-height: 1.5; font-family: Roboto, sans-serif;\"><span style=\"margin: 0px; padding: 0px; border: 0px; vertical-align: baseline; line-height: 1.5; font-family: inherit;\"><span style=\"margin: 0px; padding: 0px; border: 0px; font-size: inherit; vertical-align: baseline; line-height: 1.5; font-family: Arial, Helvetica, sans-serif;\">- Ăn chính: 5 bữa chính 150.000đ/suất/khách (Bữa tối Du Thuyền Cần Thơ : 180.000đ/suất/khách)</span></span></p><p style=\"margin: 16px 0px; padding: 0px; border: 0px; font-size: 14px; vertical-align: baseline; line-height: 1.5; font-family: Roboto, sans-serif;\"><span style=\"margin: 0px; padding: 0px; border: 0px; vertical-align: baseline; line-height: 1.5; font-family: inherit;\"><span style=\"margin: 0px; padding: 0px; border: 0px; font-size: inherit; vertical-align: baseline; line-height: 1.5; font-family: Arial, Helvetica, sans-serif;\">- Ăn sáng:&nbsp; 3 bữa sáng (1 bữa sáng Trung Lương Restop + 2 bữa sáng tại khách sạn)</span></span></p><p style=\"margin: 16px 0px; padding: 0px; border: 0px; font-size: 14px; vertical-align: baseline; line-height: 1.5; font-family: Roboto, sans-serif;\"><span style=\"margin: 0px; padding: 0px; border: 0px; vertical-align: baseline; line-height: 1.5; font-family: inherit;\"><span style=\"margin: 0px; padding: 0px; border: 0px; font-size: inherit; vertical-align: baseline; line-height: 1.5; font-family: Arial, Helvetica, sans-serif;\">- Bao gồm vé tham quan vào cửa 1 lần các điểm có trong lịch trình tour</span></span></p><p style=\"margin: 16px 0px; padding: 0px; border: 0px; font-size: 14px; vertical-align: baseline; line-height: 1.5; font-family: Roboto, sans-serif;\"><span style=\"margin: 0px; padding: 0px; border: 0px; vertical-align: baseline; line-height: 1.5; font-family: inherit;\"><span style=\"margin: 0px; padding: 0px; border: 0px; font-size: inherit; vertical-align: baseline; line-height: 1.5; font-family: Arial, Helvetica, sans-serif;\">- Bảo hiểm du lịch</span></span></p><p style=\"margin: 16px 0px; padding: 0px; border: 0px; font-size: 14px; vertical-align: baseline; line-height: 1.5; font-family: Roboto, sans-serif;\"><span style=\"margin: 0px; padding: 0px; border: 0px; vertical-align: baseline; line-height: 1.5; font-family: inherit;\"><span style=\"margin: 0px; padding: 0px; border: 0px; font-size: inherit; vertical-align: baseline; line-height: 1.5; font-family: Arial, Helvetica, sans-serif;\">- Hướng dẫn viên tiếng việt phụ vụ suốt hành trình</span></span></p><p style=\"margin: 16px 0px; padding: 0px; border: 0px; font-size: 14px; vertical-align: baseline; line-height: 1.5; font-family: Roboto, sans-serif;\"><span style=\"margin: 0px; padding: 0px; border: 0px; vertical-align: baseline; line-height: 1.5; font-family: inherit;\"><span style=\"margin: 0px; padding: 0px; border: 0px; font-size: inherit; vertical-align: baseline; line-height: 1.5; font-family: Arial, Helvetica, sans-serif;\">- Nước uống mỗi ngày 1 chai 500ml, nón du lịch</span></span></p><p style=\"margin: 16px 0px; padding: 0px; border: 0px; font-size: 14px; vertical-align: baseline; line-height: 1.5; font-family: Roboto, sans-serif;\">&nbsp;</p><p style=\"margin: 16px 0px; padding: 0px; border: 0px; font-size: 14px; vertical-align: baseline; line-height: 1.5; font-family: Roboto, sans-serif;\"><strong style=\"margin: 0px; padding: 0px; border: 0px; font-size: inherit; vertical-align: baseline; line-height: 1.5; font-family: inherit;\"><span style=\"margin: 0px; padding: 0px; border: 0px; vertical-align: baseline; line-height: 1.5; font-family: inherit;\"><span style=\"margin: 0px; padding: 0px; border: 0px; font-size: inherit; vertical-align: baseline; line-height: 1.5; font-family: Arial, Helvetica, sans-serif;\">*KH</span></span>ÔNG BAO GỒM</strong></p><p style=\"margin: 16px 0px; padding: 0px; border: 0px; font-size: 14px; vertical-align: baseline; line-height: 1.5; font-family: Roboto, sans-serif;\"><span style=\"margin: 0px; padding: 0px; border: 0px; vertical-align: baseline; line-height: 1.5; font-family: inherit;\"><span style=\"margin: 0px; padding: 0px; border: 0px; font-size: inherit; vertical-align: baseline; line-height: 1.5; font-family: Arial, Helvetica, sans-serif;\">- Thuế VAT 10%</span></span></p><p style=\"margin: 16px 0px; padding: 0px; border: 0px; font-size: 14px; vertical-align: baseline; line-height: 1.5; font-family: Roboto, sans-serif;\"><span style=\"margin: 0px; padding: 0px; border: 0px; vertical-align: baseline; line-height: 1.5; font-family: inherit;\"><span style=\"margin: 0px; padding: 0px; border: 0px; font-size: inherit; vertical-align: baseline; line-height: 1.5; font-family: Arial, Helvetica, sans-serif;\">- Chi phí cá nhân ngoài chương trình như :Mini bar, phí giặt ủi, thẻ cào …</span></span></p><p style=\"margin: 16px 0px; padding: 0px; border: 0px; font-size: 14px; vertical-align: baseline; line-height: 1.5; font-family: Roboto, sans-serif;\"><span style=\"margin: 0px; padding: 0px; border: 0px; vertical-align: baseline; line-height: 1.5; font-family: inherit;\"><span style=\"margin: 0px; padding: 0px; border: 0px; font-size: inherit; vertical-align: baseline; line-height: 1.5; font-family: Arial, Helvetica, sans-serif;\">- Phụ thu phòng đơn: KS 3 sao 300.000đ/đêm (trường hợp khách đi 1 mình)</span></span></p><p style=\"margin: 16px 0px; padding: 0px; border: 0px; font-size: 14px; vertical-align: baseline; line-height: 1.5; font-family: Roboto, sans-serif;\"><span style=\"margin: 0px; padding: 0px; border: 0px; vertical-align: baseline; line-height: 1.5; font-family: inherit;\"><span style=\"margin: 0px; padding: 0px; border: 0px; font-size: inherit; vertical-align: baseline; line-height: 1.5; font-family: Arial, Helvetica, sans-serif;\">- Vé máy bay khứ hồi (nếu có)</span></span></p><p style=\"margin: 16px 0px; padding: 0px; border: 0px; font-size: 14px; vertical-align: baseline; line-height: 1.5; font-family: Roboto, sans-serif;\"><span style=\"margin: 0px; padding: 0px; border: 0px; vertical-align: baseline; line-height: 1.5; font-family: inherit;\"><span style=\"margin: 0px; padding: 0px; border: 0px; font-size: inherit; vertical-align: baseline; line-height: 1.5; font-family: Arial, Helvetica, sans-serif;\">- Tiền típ cho HDV và tài xế</span></span></p><p style=\"margin: 16px 0px; padding: 0px; border: 0px; font-size: 14px; vertical-align: baseline; line-height: 1.5; font-family: Roboto, sans-serif;\"><span style=\"margin: 0px; padding: 0px; border: 0px; vertical-align: baseline; line-height: 1.5; font-family: inherit;\"><span style=\"margin: 0px; padding: 0px; border: 0px; font-size: inherit; vertical-align: baseline; line-height: 1.5; font-family: Arial, Helvetica, sans-serif;\">- Vé tham quan Căn nhà màu tím</span></span></p>','<p style=\"margin: 16px 0px; padding: 0px; border: 0px; font-size: 14px; vertical-align: baseline; line-height: 1.5; font-family: Roboto, sans-serif;\"><span style=\"margin: 0px; padding: 0px; border: 0px; font-size: inherit; vertical-align: baseline; line-height: 1.5; font-family: Arial, Helvetica, sans-serif;\"><span style=\"margin: 0px; padding: 0px; border: 0px; font-size: inherit; vertical-align: baseline; line-height: 1.5; font-family: inherit; color: rgb(0, 0, 255);\"><span style=\"margin: 0px; padding: 0px; border: 0px; font-size: 18px; vertical-align: baseline; line-height: 1.5; font-family: inherit;\"><strong style=\"margin: 0px; padding: 0px; border: 0px; font-size: inherit; vertical-align: baseline; line-height: 1.5; font-family: inherit;\">GÀY 01&nbsp;&nbsp; &nbsp;SÀI GÒN – MỸ THO – CHÂU ĐỐC&nbsp;&nbsp; &nbsp;Ăn 3 bữa</strong></span></span><br><strong style=\"margin: 0px; padding: 0px; border: 0px; font-size: inherit; vertical-align: baseline; line-height: 1.5; font-family: inherit;\">Sáng&nbsp;&nbsp; &nbsp;06h00 – 06h30</strong>: Xe đón quý khách tại điểm hẹn khởi hành đi TIỀN GIANG, bắt đầu TOUR DU LỊCH MIỀN TÂY 3 NGÀY quý khách ăn sáng tại Mỹ Tho, sau đó tiếp tục hành trình đến bến tàu 30/04 quý khách lên tàu, du ngoạn trên sông tham quan.<br>Tàu cập bến đưa quý khách tham quan&nbsp;<strong style=\"margin: 0px; padding: 0px; border: 0px; font-size: inherit; vertical-align: baseline; line-height: 1.5; font-family: inherit;\">CÙ LAO LONG, LÂN, QUY, PHỤNG</strong>. Thuyền chạy dọc theo bè cá nổi để du khách tìm hiểu cách nuôi cá cuả người dân địa phương và ngắm nhìn cầu Rạch Miễu.<br>Đến&nbsp;<strong style=\"margin: 0px; padding: 0px; border: 0px; font-size: inherit; vertical-align: baseline; line-height: 1.5; font-family: inherit;\">CÙ LAO THỚI SƠN (CỒN LÂN)</strong>&nbsp;quý khách tản bộ trên con đường Làng, tham quan đời sống sinh hoạt của người dân Cù Lao, tham quan vườn trái cây, thưởng thức nét văn hoá ẩm thực sinh hoạt của người dân bản xứ, THƯỞNG THỨC TRÁI CÂY THEO MÙA VÀ NGHE ĐỜN CA TÀI TỬ nét văn hoá nghệ thuật đặc trưng nơi đây, tiếp đó quý khách đến với&nbsp;<strong style=\"margin: 0px; padding: 0px; border: 0px; font-size: inherit; vertical-align: baseline; line-height: 1.5; font-family: inherit;\">TRẠI NUÔI ONG MẬT, THƯỞNG THỨC TRÀ MẬT ONG CHANH</strong></span></p><p style=\"margin: 16px 0px; padding: 0px; border: 0px; font-size: 14px; vertical-align: baseline; line-height: 1.5; font-family: Roboto, sans-serif;\">&nbsp;</p><p style=\"margin: 16px 0px; padding: 0px; border: 0px; font-size: 14px; vertical-align: baseline; line-height: 1.5; font-family: Roboto, sans-serif;\"><span style=\"margin: 0px; padding: 0px; border: 0px; font-size: inherit; vertical-align: baseline; line-height: 1.5; font-family: Arial, Helvetica, sans-serif;\"><img alt=\"\" src=\"https://www.aussietravel.com.vn/application/media/du-lich-mua-dong-cb-gi/mientay/trai-nghiem-mien-tay-1-1494411985044_1.jpg\" style=\"margin: 0px; padding: 0px; border: 0px; font-size: inherit; vertical-align: baseline; line-height: 1.5; font-family: inherit; max-width: 100%; height: 430px; width: 640px;\"></span></p><p style=\"margin: 16px 0px; padding: 0px; border: 0px; font-size: 14px; vertical-align: baseline; line-height: 1.5; font-family: Roboto, sans-serif;\"><br><span style=\"margin: 0px; padding: 0px; border: 0px; font-size: inherit; vertical-align: baseline; line-height: 1.5; font-family: Arial, Helvetica, sans-serif;\">Tiếp theo quý khách xuống&nbsp;<strong style=\"margin: 0px; padding: 0px; border: 0px; font-size: inherit; vertical-align: baseline; line-height: 1.5; font-family: inherit;\">ĐÒ CHÈO TRẢI NGHIỆM CHÈO XUỒNG BA LÁ</strong>&nbsp;len lỏi vào những hàng dừa nước, cảm nhận phong cảnh thiên nhiên hoang sơ của miệt vườn, trở ra đò lớn, xuôi theo dòng sông Tiền, Đò sẽ đưa quý khách đên với tỉnh Bến Tre để tham quan&nbsp;<strong style=\"margin: 0px; padding: 0px; border: 0px; font-size: inherit; vertical-align: baseline; line-height: 1.5; font-family: inherit;\">LÒ KẸO DỪA ĐẶC SẢN CỦA BẾN TRE</strong>, lò bánh tráng ở xã Tân Thạch. Lên xe ngựa đi tham quan đường làng xã Tân Thạch để du khách ngắm nhìn những vườn cây ăn trái và cuộc sống bình dị của người dân xứ dừa.<br><strong style=\"margin: 0px; padding: 0px; border: 0px; font-size: inherit; vertical-align: baseline; line-height: 1.5; font-family: inherit;\">Trưa&nbsp;</strong>&nbsp; &nbsp;Qúy khách dùng bữa trưa tại nhà hàng, với những món ăn đặc sản địa phương như: cá tai tượng chiên ù cuốn bánh tráng chấm mắm me, xôi chiên phồng, gà chiên, rau củ kho quẹt, tôm hấp nước dừa, lẩu cua rau đay..v.v…ngoài ra quý khách còn được thưởng thức nước uống từ lá Sake …</span></p><p style=\"margin: 16px 0px; padding: 0px; border: 0px; font-size: 14px; vertical-align: baseline; line-height: 1.5; font-family: Roboto, sans-serif;\">&nbsp;</p><p style=\"margin: 16px 0px; padding: 0px; border: 0px; font-size: 14px; vertical-align: baseline; line-height: 1.5; font-family: Roboto, sans-serif;\"><span style=\"margin: 0px; padding: 0px; border: 0px; font-size: inherit; vertical-align: baseline; line-height: 1.5; font-family: Arial, Helvetica, sans-serif;\"><img alt=\"\" src=\"https://www.aussietravel.com.vn/application/media/du-lich-mua-dong-cb-gi/mientay/con-phung.jpg\" style=\"margin: 0px; padding: 0px; border: 0px; font-size: inherit; vertical-align: baseline; line-height: 1.5; font-family: inherit; max-width: 100%; height: 427px; width: 640px;\"></span></p><p style=\"margin: 16px 0px; padding: 0px; border: 0px; font-size: 14px; vertical-align: baseline; line-height: 1.5; font-family: Roboto, sans-serif;\"><br><span style=\"margin: 0px; padding: 0px; border: 0px; font-size: inherit; vertical-align: baseline; line-height: 1.5; font-family: Arial, Helvetica, sans-serif;\"><strong style=\"margin: 0px; padding: 0px; border: 0px; font-size: inherit; vertical-align: baseline; line-height: 1.5; font-family: inherit;\">Chiều</strong>&nbsp;&nbsp; &nbsp;Tàu đưa quý khách trở lại bến tàu Mỹ Tho, sau đó lên xe tiếp tục hành trình Du Lịch Miền Tây 3 ngày điểm đến tiếp theo đó là&nbsp;<strong style=\"margin: 0px; padding: 0px; border: 0px; font-size: inherit; vertical-align: baseline; line-height: 1.5; font-family: inherit;\">CHÂU ĐỐC</strong>. Trên đường ngắm cảnh cầu Mỹ Thuận, cây cầu nổi tiếng nhất miền tây. Hành trình đưa quý khách đi dọc miền tây qua các địa danh của Đồng Tháp như Sa Đéc, Lai Vung, Cao Lãnh, tứ giác Long Xuyên…Đến thành phố Châu Đốc quý khách nhận phòng khách sạn.<br><strong style=\"margin: 0px; padding: 0px; border: 0px; font-size: inherit; vertical-align: baseline; line-height: 1.5; font-family: inherit;\">Tối&nbsp;&nbsp;</strong>&nbsp;&nbsp;Tới CHÂU ĐỐC quý khách nhận phòng khách sạn, dùng bữa tối đặc biệt với lẩu mắm nổi tiếng xứ An Giang, tự do dạo chơi khám thành phố Châu Đốc về đêm, quý khách có thể thưởng thức món Chè Buởi nổi tiếng xứ An Giang, chúc quý khách có buổi tối vui vẻ nhiều kỷ niệm…</span></p><p style=\"margin: 16px 0px; padding: 0px; border: 0px; font-size: 14px; vertical-align: baseline; line-height: 1.5; font-family: Roboto, sans-serif;\">&nbsp;</p><p style=\"margin: 16px 0px; padding: 0px; border: 0px; font-size: 14px; vertical-align: baseline; line-height: 1.5; font-family: Roboto, sans-serif;\"><span style=\"margin: 0px; padding: 0px; border: 0px; font-size: inherit; vertical-align: baseline; line-height: 1.5; font-family: Arial, Helvetica, sans-serif;\"><span style=\"margin: 0px; padding: 0px; border: 0px; font-size: inherit; vertical-align: baseline; line-height: 1.5; font-family: inherit; color: rgb(0, 0, 255);\"><span style=\"margin: 0px; padding: 0px; border: 0px; font-size: 18px; vertical-align: baseline; line-height: 1.5; font-family: inherit;\"><strong style=\"margin: 0px; padding: 0px; border: 0px; font-size: inherit; vertical-align: baseline; line-height: 1.5; font-family: inherit;\">NGÀY 02&nbsp;&nbsp; &nbsp;CHÂU ĐỐC – TRÀ SƯ – CẦN THƠ&nbsp;&nbsp; &nbsp;Ăn 3 bữa</strong></span></span><br><strong style=\"margin: 0px; padding: 0px; border: 0px; font-size: inherit; vertical-align: baseline; line-height: 1.5; font-family: inherit;\">Sáng&nbsp;&nbsp;&nbsp;</strong>&nbsp;Quý khách ăn sáng tại khách sạn. Điểm đến tiếp theo trong hành trình đó là núi Sam viếng&nbsp;<strong style=\"margin: 0px; padding: 0px; border: 0px; font-size: inherit; vertical-align: baseline; line-height: 1.5; font-family: inherit;\">MIẾU BÀ CHÚA SỨ, TÂY AN CỔ TỰ, LĂNG THOẠI NGỌC HẦU</strong>&nbsp;…Sau đó tiếp tục hành trình theo hướng Tịnh Biên dọc kênh Vĩnh Tế&nbsp; đi qua dãy Thất Sơn – Núi Cấm, Núi Két và những ngôi chùa Khơme có kiến trúc độc đáo. Đến huyện Nhà Bàng sau đó vào&nbsp;<strong style=\"margin: 0px; padding: 0px; border: 0px; font-size: inherit; vertical-align: baseline; line-height: 1.5; font-family: inherit;\">RỪNG TRÀM TRÀ SƯ.</strong><br>Quý khách bắt đầu tham quan hệ sinh thái rừng tràm ngập nước tuyệt đẹp vào buổi sáng theo lộ trình. Quý khách tản bộ 500m từ bãi xe vào đến bến đò sau đó đi tắc rán (xuồng máy) khoảng 10 phút chạy dọc bờ kênh trong rừng tràm rợp mát đến trạm dừng đầu tiên. Quý khách chuyển sang đi đò chèo đây là hành trình thú vị nhất. Đò chèo nhẹ nhàng rẽ nước đi vào rừng tràm xanh mướt với khung cảnh tuyệt đẹp. Trên mặt nước phủ đầy một màu xanh lơ của những mãng bèo màu xanh như những tấm thảm khổng lồ bao phủ khắp rừng tràm. Trong không khí mát mẻ xuồng lướt đi nhè nhẹ tạo cảm giác lâng lâng khó tả, cuộc sống chậm lại, chỉ số hạnh phúc như tăng lên rỏ rệt. Quý khách như gạt bỏ những điều phiền muộng của cuộc sống, tận hưởng cảm giác sản khoái khi đi giữa thiên nhiên hoang dã tuyệt đẹp.</span></p><p style=\"margin: 16px 0px; padding: 0px; border: 0px; font-size: 14px; vertical-align: baseline; line-height: 1.5; font-family: Roboto, sans-serif;\">&nbsp;</p><p style=\"margin: 16px 0px; padding: 0px; border: 0px; font-size: 14px; vertical-align: baseline; line-height: 1.5; font-family: Roboto, sans-serif;\"><span style=\"margin: 0px; padding: 0px; border: 0px; font-size: inherit; vertical-align: baseline; line-height: 1.5; font-family: Arial, Helvetica, sans-serif;\"><img alt=\"\" src=\"https://www.aussietravel.com.vn/application/media/du-lich-mua-dong-cb-gi/mientay/1473910066_rung-tram-tra-su-an-giang-5.jpg\" style=\"margin: 0px; padding: 0px; border: 0px; font-size: inherit; vertical-align: baseline; line-height: 1.5; font-family: inherit; max-width: 100%; height: 389px; width: 640px;\"></span></p><p style=\"margin: 16px 0px; padding: 0px; border: 0px; font-size: 14px; vertical-align: baseline; line-height: 1.5; font-family: Roboto, sans-serif;\"><br><span style=\"margin: 0px; padding: 0px; border: 0px; font-size: inherit; vertical-align: baseline; line-height: 1.5; font-family: Arial, Helvetica, sans-serif;\">Tại đây quý khách được tận mắt xem những chú chim dạn dỹ kiếm mồi trên những đám bèo màu xanh. Sau một vòng khám phá, đò đưa quý khách về lại bến đỗ và chuyển sang hành trình tiếp theo. Tắc rán đưa quý khách lướt đi trên con đường độc đạo giữa rừng tràm đến trạm dừng chân tiếp theo. Tại đây quý khách có thể lên đài quan sát ngắm toàn cảnh rừng tràm Trà Sư, đi bộ trên đường đất giữa rừng tràm săn những bức ảnh đẹp, chụp ảnh cây cầu bắt ngang qua bờ kênh. Sau đó đến khu vực nhà hàng gữa chốn thiên nhiên hoang dã được bố trí những cụm nhà sàn nhỏ giữa rừng rất lãn mạng.<br><strong style=\"margin: 0px; padding: 0px; border: 0px; font-size: inherit; vertical-align: baseline; line-height: 1.5; font-family: inherit;\">Trưa</strong>&nbsp;&nbsp; &nbsp;Quý khách dùng bữa trưa các món dân dã, đạm bạc như: Cá lóc nướng hay gà nướng muối ớt, gà hấp lá chúc, lẩu chua cá, rau ngỗ xào, cá rô đồng với thịt kho tộ….sau bữa trưa tắc ráng đưa quý khách về lại bến đò kết thúc chuyền tham quan rừng tràm Trà Sư.<br><strong style=\"margin: 0px; padding: 0px; border: 0px; font-size: inherit; vertical-align: baseline; line-height: 1.5; font-family: inherit;\">Chiều&nbsp;</strong>&nbsp; &nbsp;Xe đưa quý khách khởi hành đi CẦN THƠ đến với vùng đất Tây Đô sầm uất nhất miền tây đồng bằng sông Cửu Long. Đến CẦN THƠ, quý khách nhận phòng.<br><strong style=\"margin: 0px; padding: 0px; border: 0px; font-size: inherit; vertical-align: baseline; line-height: 1.5; font-family: inherit;\">Tối&nbsp;&nbsp;&nbsp;</strong>&nbsp;Dùng cơm tối trên&nbsp;<strong style=\"margin: 0px; padding: 0px; border: 0px; font-size: inherit; vertical-align: baseline; line-height: 1.5; font-family: inherit;\">NHÀ HÀNG DU THUYỀN CẦN THƠ</strong>, thưởng thức các món đặc sản miền tây, nghe những làn điệu đàn ca tài tử mượt mà trên dòng sông Hậu thơ mộng…Tàu cập bến quý khách tự do khám phá Tây Đô về đêm.</span></p><p style=\"margin: 16px 0px; padding: 0px; border: 0px; font-size: 14px; vertical-align: baseline; line-height: 1.5; font-family: Roboto, sans-serif;\">&nbsp;</p><p style=\"margin: 16px 0px; padding: 0px; border: 0px; font-size: 14px; vertical-align: baseline; line-height: 1.5; font-family: Roboto, sans-serif;\"><img alt=\"\" src=\"https://www.aussietravel.com.vn/application/media/du-lich-mua-dong-cb-gi/mientay/ben-ninh-kieu-can-tho-6.jpg\" style=\"margin: 0px; padding: 0px; border: 0px; font-size: inherit; vertical-align: baseline; line-height: 1.5; font-family: inherit; max-width: 100%; height: 440px; width: 640px;\"></p><p style=\"margin: 16px 0px; padding: 0px; border: 0px; font-size: 14px; vertical-align: baseline; line-height: 1.5; font-family: Roboto, sans-serif;\">&nbsp;</p><p style=\"margin: 16px 0px; padding: 0px; border: 0px; font-size: 14px; vertical-align: baseline; line-height: 1.5; font-family: Roboto, sans-serif;\"><span style=\"margin: 0px; padding: 0px; border: 0px; font-size: inherit; vertical-align: baseline; line-height: 1.5; font-family: Arial, Helvetica, sans-serif;\"><span style=\"margin: 0px; padding: 0px; border: 0px; font-size: inherit; vertical-align: baseline; line-height: 1.5; font-family: inherit; color: rgb(0, 0, 255);\"><span style=\"margin: 0px; padding: 0px; border: 0px; font-size: 18px; vertical-align: baseline; line-height: 1.5; font-family: inherit;\"><strong style=\"margin: 0px; padding: 0px; border: 0px; font-size: inherit; vertical-align: baseline; line-height: 1.5; font-family: inherit;\">NGÀY 03&nbsp;&nbsp; &nbsp;CHỢ NỔI – CÁI RĂNG – MIỆT VƯỜN&nbsp;&nbsp; &nbsp;Ăn 2 bữa</strong></span></span><br><strong style=\"margin: 0px; padding: 0px; border: 0px; font-size: inherit; vertical-align: baseline; line-height: 1.5; font-family: inherit;\">Sáng&nbsp;</strong>&nbsp; &nbsp;Quý khách thức dậy sớm 05h00:&nbsp; HDV cùng Qúy khách xuống bến tàu Cần Thơ để tham quan&nbsp;<strong style=\"margin: 0px; padding: 0px; border: 0px; font-size: inherit; vertical-align: baseline; line-height: 1.5; font-family: inherit;\">CHỢ NỔI CÁI RĂNG</strong>&nbsp;lúc sáng sớm, đến đây đoàn tham quan và tìm hiểu nét sinh hoạt đặc trưng của cư dân miền sông nước, nơi hàng trăm chiếc thuyền, tàu buôn bán trao đổi hàng hóa, đặc sản địa phương, du khách cùng mua bán với thương nhân miền tây.<br>Sau đó quý khách về lại khách sạn trả phòng khách sạn, dùng điểm tâm sáng.</span></p><p style=\"margin: 16px 0px; padding: 0px; border: 0px; font-size: 14px; vertical-align: baseline; line-height: 1.5; font-family: Roboto, sans-serif;\">&nbsp;</p><p style=\"margin: 16px 0px; padding: 0px; border: 0px; font-size: 14px; vertical-align: baseline; line-height: 1.5; font-family: Roboto, sans-serif;\"><span style=\"margin: 0px; padding: 0px; border: 0px; font-size: inherit; vertical-align: baseline; line-height: 1.5; font-family: Arial, Helvetica, sans-serif;\"><img alt=\"\" src=\"https://www.aussietravel.com.vn/application/media/du-lich-mua-dong-cb-gi/mientay/mot_canh_o_cho_noi_cai_rang.jpg\" style=\"margin: 0px; padding: 0px; border: 0px; font-size: inherit; vertical-align: baseline; line-height: 1.5; font-family: inherit; max-width: 100%; height: 429px; width: 640px;\"></span></p><p style=\"margin: 16px 0px; padding: 0px; border: 0px; font-size: 14px; vertical-align: baseline; line-height: 1.5; font-family: Roboto, sans-serif;\"><br><span style=\"margin: 0px; padding: 0px; border: 0px; font-size: inherit; vertical-align: baseline; line-height: 1.5; font-family: Arial, Helvetica, sans-serif;\">Xe đưa quý khách đến bến tàu, di chuyển sang khu du lịch Cồn Sơn:<br>- Quý khách lên tàu thăm bè cá sông Hậu: Trên 30 bè cá lớn nhỏ kết thành một dãy dài chừng non cây số, hiên ngang trước sóng nước Cửu Long với rất nhiều loại cá như ba sa, chạch lấu, cá hô… nhưng chủ lực là cá thác lác cườm.<br>- Massage cá Koi &amp; thưởng thức chả cá Thác Lác: đoàn ngắm nhìn hàng nghìn con cá Koi với nhiều màu sắc khác nhau, trải nghiệm trò massage cá Koi vo cùng hấp dẫn. Khi massage xong, đoàn thưởng thức chả cá Thác Lác Cườm.<br>- Tham quan vườn trái cây (theo mùa): Đến Cồn Sơn, khách sẽ được thăm những vườn chôm chôm, vườn nhãn, vườn bưởi, măng cục, dâu, ổi,… chĩu chịt quả và được tự tay lựa quả trên cây để hái và dùng ngay tại vườn.<br>- Tham quan trải nghiệm khu Cá Lóc Bay, quý khách được chiêm ngưỡng màn biểu diễn độc đáo của các chú cá lóc bay nhảy trên mặt nước một cảnh tượng thật lạ và đẹp mắt và tham quan vườn ổi thưởng thức những trái ổi tươi ngon từ trên cành.<br><strong style=\"margin: 0px; padding: 0px; border: 0px; font-size: inherit; vertical-align: baseline; line-height: 1.5; font-family: inherit;\">Trưa&nbsp;</strong>&nbsp; &nbsp;Quý khách dùng bữa trưa bên Cồn Sơn tại nhà dân với những món ăn cực kỳ dân dã mà vô cùng hấp dẫn<br><strong style=\"margin: 0px; padding: 0px; border: 0px; font-size: inherit; vertical-align: baseline; line-height: 1.5; font-family: inherit;\">Chiều</strong>&nbsp;&nbsp; &nbsp;<strong style=\"margin: 0px; padding: 0px; border: 0px; font-size: inherit; vertical-align: baseline; line-height: 1.5; font-family: inherit;\">14h00</strong>: Khởi hành về Tp HCM – Trên đường về Quý khách ghé tham quan&nbsp;<strong style=\"margin: 0px; padding: 0px; border: 0px; font-size: inherit; vertical-align: baseline; line-height: 1.5; font-family: inherit;\">Phim trường CĂN NHÀ MÀU TÍM</strong>&nbsp;– nổi bật với tone màu tím chủ đạo, nhiều tiểu cảnh để quý khách check in (chi phí tự túc)<br><strong style=\"margin: 0px; padding: 0px; border: 0px; font-size: inherit; vertical-align: baseline; line-height: 1.5; font-family: inherit;\">18h30 – 19h00</strong>: Về tới thành phố xe trả quý khách về điểm đón ban đầu. Kết thúc hành trình TOUR DU LỊCH MIỀN TÂY 2 NGÀY. Kính chào và hẹn gặp lại quý khách trong những hành trình sau, Chúc quý khách sức khoẻ bình an, và gặp nhiều may mắn, Trân trọng !</span></p><p style=\"margin: 16px 0px; padding: 0px; border: 0px; font-size: 14px; vertical-align: baseline; line-height: 1.5; font-family: Roboto, sans-serif;\">&nbsp;</p><p style=\"margin: 16px 0px; padding: 0px; border: 0px; font-size: 14px; vertical-align: baseline; line-height: 1.5; font-family: Roboto, sans-serif;\"><span style=\"margin: 0px; padding: 0px; border: 0px; font-size: inherit; vertical-align: baseline; line-height: 1.5; font-family: Arial, Helvetica, sans-serif;\"><img alt=\"\" src=\"https://www.aussietravel.com.vn/application/media/du-lich-mua-dong-cb-gi/mientay/cafe-can-nha-mau-tim.jpg\" style=\"margin: 0px; padding: 0px; border: 0px; font-size: inherit; vertical-align: baseline; line-height: 1.5; font-family: inherit; max-width: 100%; height: 440px; width: 640px;\"></span></p>'),(2,'<div class=\"box-ckeditor\" style=\"margin: 0px; padding: 0px; border: 0px; vertical-align: baseline; line-height: 1.5; font-family: Roboto, sans-serif; overflow: auto;\"><h3 class=\"title-de\" style=\"margin: 30px 0px 15px; padding: 0px; border: 0px; font-size: 32px; vertical-align: baseline; line-height: 1.2; font-family: inherit; font-weight: normal; text-transform: uppercase; clear: both; color: rgb(0, 137, 208);\"><span style=\"margin: 0px; padding: 0px; border: 0px; font-size: inherit; vertical-align: baseline; line-height: 1.5; font-family: inherit;\">BAO GỒM</span></h3><ul style=\"margin-right: 0px; margin-bottom: 0px; margin-left: 0px; padding: 0px 40px; border: 0px; font-size: inherit; vertical-align: baseline; line-height: 1.5; font-family: inherit; list-style: initial;\"><li style=\"margin: 0in 0in 0.0001pt 0px; padding: 0px; border: none; font-size: inherit; vertical-align: baseline; line-height: 1.5; font-family: inherit; list-style: initial; text-align: justify;\"><span style=\"margin: 0px; padding: 0px; border: 0px; font-size: inherit; vertical-align: baseline; line-height: 24px; font-family: inherit;\"><span style=\"margin: 0px; padding: 0px; border: 0px; font-size: inherit; vertical-align: baseline; line-height: 1.5; font-family: inherit;\">Xe máy lạnh đời mới vận chuyển theo lịch trình tại Phú Quốc.</span></span></li><li style=\"margin: 0in 0in 0.0001pt 0px; padding: 0px; border: none; font-size: inherit; vertical-align: baseline; line-height: 1.5; font-family: inherit; list-style: initial; text-align: justify;\"><span style=\"margin: 0px; padding: 0px; border: 0px; font-size: inherit; vertical-align: baseline; line-height: 24px; font-family: inherit;\"><span style=\"margin: 0px; padding: 0px; border: 0px; font-size: inherit; vertical-align: baseline; line-height: 1.5; font-family: inherit;\">Xe đón/tiễn sân bay Nội Bài 2 chiều</span></span></li><li style=\"margin: 0in 0in 0.0001pt 0px; padding: 0px; border: none; font-size: inherit; vertical-align: baseline; line-height: 1.5; font-family: inherit; list-style: initial; text-align: justify;\"><span style=\"margin: 0px; padding: 0px; border: 0px; font-size: inherit; vertical-align: baseline; line-height: 24px; font-family: inherit;\"><span style=\"margin: 0px; padding: 0px; border: 0px; font-size: inherit; vertical-align: baseline; line-height: 1.5; font-family: inherit;\">Phòng khách sạn&nbsp;<b style=\"margin: 0px; padding: 0px; border: 0px; font-size: inherit; vertical-align: baseline; line-height: 1.5; font-family: inherit;\">tiêu chuẩn 3 sao&nbsp;</b>(02 khách/ phòng, trường hợp lẻ nghỉ 3 khách/ phòng) hoặc các khách sạn tương đương.</span></span></li><li style=\"margin: 0in 0in 0.0001pt 0px; padding: 0px; border: none; font-size: inherit; vertical-align: baseline; line-height: 1.5; font-family: inherit; list-style: initial; text-align: justify;\"><span style=\"margin: 0px; padding: 0px; border: 0px; font-size: inherit; vertical-align: baseline; line-height: 24px; font-family: inherit;\"><span style=\"margin: 0px; padding: 0px; border: 0px; font-size: inherit; vertical-align: baseline; line-height: 1.5; font-family: inherit;\">Ăn sáng buffet tại khách sạn</span></span></li><li style=\"margin: 0in 0in 0.0001pt 0px; padding: 0px; border: none; font-size: inherit; vertical-align: baseline; line-height: 1.5; font-family: inherit; list-style: initial; text-align: justify;\"><span style=\"margin: 0px; padding: 0px; border: 0px; font-size: inherit; vertical-align: baseline; line-height: 24px; font-family: inherit;\"><span style=\"margin: 0px; padding: 0px; border: 0px; font-size: inherit; vertical-align: baseline; line-height: 1.5; font-family: inherit;\">Mức ăn chính: 150.000đ/ khách * 5 bữa.</span></span></li><li style=\"margin: 0in 0in 0.0001pt 0px; padding: 0px; border: none; font-size: inherit; vertical-align: baseline; line-height: 1.5; font-family: inherit; list-style: initial; text-align: justify;\"><span style=\"margin: 0px; padding: 0px; border: 0px; font-size: inherit; vertical-align: baseline; line-height: 24px; font-family: inherit;\"><span style=\"margin: 0px; padding: 0px; border: 0px; font-size: inherit; vertical-align: baseline; line-height: 1.5; font-family: inherit;\">HDV đón/ tiễn sân bay Nội Bài làm thủ tục cho đoàn.</span></span></li><li style=\"margin: 0in 0in 0.0001pt 0px; padding: 0px; border: none; font-size: inherit; vertical-align: baseline; line-height: 1.5; font-family: inherit; list-style: initial; text-align: justify;\"><span style=\"margin: 0px; padding: 0px; border: 0px; font-size: inherit; vertical-align: baseline; line-height: 24px; font-family: inherit;\"><span style=\"margin: 0px; padding: 0px; border: 0px; font-size: inherit; vertical-align: baseline; line-height: 1.5; font-family: inherit;\">HDV nhiệt tình, kinh nghiệm theo đoàn tại Phú Quốc</span></span></li><li style=\"margin: 0in 0in 0.0001pt 0px; padding: 0px; border: none; font-size: inherit; vertical-align: baseline; line-height: 1.5; font-family: inherit; list-style: initial; text-align: justify;\"><span style=\"margin: 0px; padding: 0px; border: 0px; font-size: inherit; vertical-align: baseline; line-height: 24px; font-family: inherit;\"><span style=\"margin: 0px; padding: 0px; border: 0px; font-size: inherit; vertical-align: baseline; line-height: 1.5; font-family: inherit;\">Bảo hiểm du lịch suốt tuyến (mức đền bù tối đa 20.000.000đ/vụ).</span></span></li><li style=\"margin: 0in 0in 0.0001pt 0px; padding: 0px; border: none; font-size: inherit; vertical-align: baseline; line-height: 1.5; font-family: inherit; list-style: initial; text-align: justify;\"><span style=\"margin: 0px; padding: 0px; border: 0px; font-size: inherit; vertical-align: baseline; line-height: 24px; font-family: inherit;\"><span style=\"margin: 0px; padding: 0px; border: 0px; font-size: inherit; vertical-align: baseline; line-height: 1.5; font-family: inherit;\">Phí thắng cảnh các điểm vào cửa theo chương trình</span></span></li><li style=\"margin: 0in 0in 0.0001pt 0px; padding: 0px; border: none; font-size: inherit; vertical-align: baseline; line-height: 1.5; font-family: inherit; list-style: initial; text-align: justify;\"><span style=\"margin: 0px; padding: 0px; border: 0px; font-size: inherit; vertical-align: baseline; line-height: 24px; font-family: inherit;\"><span style=\"margin: 0px; padding: 0px; border: 0px; font-size: inherit; vertical-align: baseline; line-height: 1.5; font-family: inherit;\">Nước uống 1 chai/ khách/ ngày</span></span></li><li style=\"margin: 0in 0in 0.0001pt 0px; padding: 0px; border: none; font-size: inherit; vertical-align: baseline; line-height: 1.5; font-family: inherit; list-style: initial; text-align: justify;\"><span style=\"margin: 0px; padding: 0px; border: 0px; font-size: inherit; vertical-align: baseline; line-height: 24px; font-family: inherit;\"><span style=\"margin: 0px; padding: 0px; border: 0px; font-size: inherit; vertical-align: baseline; line-height: 1.5; font-family: inherit;\">Mũ du lịch</span></span></li><li style=\"margin: 0in 0in 0.0001pt 0px; padding: 0px; border: none; font-size: inherit; vertical-align: baseline; line-height: 1.5; font-family: inherit; list-style: initial; text-align: justify;\"><span style=\"margin: 0px; padding: 0px; border: 0px; font-size: inherit; vertical-align: baseline; line-height: 24px; font-family: inherit;\"><span style=\"margin: 0px; padding: 0px; border: 0px; font-size: inherit; vertical-align: baseline; line-height: 1.5; font-family: inherit;\">Chi phí thuyền tham quan và lặn ngắm san hô</span></span></li></ul><ul style=\"margin-right: 0px; margin-bottom: 0px; margin-left: 0px; padding: 0px 40px; border: 0px; font-size: inherit; vertical-align: baseline; line-height: 1.5; font-family: inherit; list-style: initial;\"><li style=\"margin: 0in 0in 0.0001pt 0px; padding: 0px; border: none; font-size: inherit; vertical-align: baseline; line-height: 1.5; font-family: inherit; list-style: initial; text-align: justify;\"><span style=\"margin: 0px; padding: 0px; border: 0px; font-size: inherit; vertical-align: baseline; line-height: 24px; font-family: inherit;\"><span style=\"margin: 0px; padding: 0px; border: 0px; font-size: inherit; vertical-align: baseline; line-height: 1.5; font-family: inherit;\"><b style=\"margin: 0px; padding: 0px; border: 0px; font-size: inherit; vertical-align: baseline; line-height: 1.5; font-family: inherit;\"><span style=\"margin: 0px; padding: 0px; border: 0px; font-size: inherit; vertical-align: baseline; line-height: 1.5; font-family: inherit;\">Vé máy bay khứ hồi HN – Phú Quốc – HN (Bamboo Airways)</span></b><span style=\"margin: 0px; padding: 0px; border: 0px; font-size: inherit; vertical-align: baseline; line-height: 1.5; font-family: inherit;\">&nbsp;gồm 07kg&nbsp; xách tay + 20kg ký gửi. Vé máy bay đoàn không hoàn không hủy</span></span></span></li></ul></div><div class=\"box-ckeditor\" style=\"margin: 0px; padding: 0px; border: 0px; vertical-align: baseline; line-height: 1.5; font-family: Roboto, sans-serif; overflow: auto;\"><h3 class=\"title-de\" style=\"margin: 30px 0px 15px; padding: 0px; border: 0px; font-size: 32px; vertical-align: baseline; line-height: 1.2; font-family: inherit; font-weight: normal; text-transform: uppercase; clear: both; color: rgb(0, 137, 208);\"><span style=\"margin: 0px; padding: 0px; border: 0px; font-size: inherit; vertical-align: baseline; line-height: 1.5; font-family: inherit;\">KHÔNG BAO GỒM</span></h3><ul style=\"margin-right: 0px; margin-bottom: 0px; margin-left: 0px; padding: 0px 40px; border: 0px; font-size: inherit; vertical-align: baseline; line-height: 1.5; font-family: inherit; list-style: initial;\"><li style=\"margin: 0in 0in 0.0001pt 0px; padding: 0px; border: none; font-size: inherit; vertical-align: baseline; line-height: 1.5; font-family: inherit; list-style: initial; text-align: justify;\"><span style=\"margin: 0px; padding: 0px; border: 0px; font-size: inherit; vertical-align: baseline; line-height: 24px; font-family: inherit;\"><span style=\"margin: 0px; padding: 0px; border: 0px; font-size: inherit; vertical-align: baseline; line-height: 1.5; font-family: inherit;\">Nghỉ phòng đơn, đồ uống, chi phí cá nhân và chi phí khác không có trong chương trình</span></span></li><li style=\"margin: 0in 0in 0.0001pt 0px; padding: 0px; border: none; font-size: inherit; vertical-align: baseline; line-height: 1.5; font-family: inherit; list-style: initial; text-align: justify;\"><span style=\"margin: 0px; padding: 0px; border: 0px; font-size: inherit; vertical-align: baseline; line-height: 24px; font-family: inherit;\"><span style=\"margin: 0px; padding: 0px; border: 0px; font-size: inherit; vertical-align: baseline; line-height: 1.5; font-family: inherit;\">Điện thoại, giặt ủi trong khách sạn.</span></span></li><li style=\"margin: 0in 0in 0.0001pt 0px; padding: 0px; border: none; font-size: inherit; vertical-align: baseline; line-height: 1.5; font-family: inherit; list-style: initial; text-align: justify;\"><span style=\"margin: 0px; padding: 0px; border: 0px; font-size: inherit; vertical-align: baseline; line-height: 24px; font-family: inherit;\"><span style=\"margin: 0px; padding: 0px; border: 0px; font-size: inherit; vertical-align: baseline; line-height: 1.5; font-family: inherit;\">Thuế VAT 10%</span></span></li><li style=\"margin: 0in 0in 0.0001pt 0px; padding: 0px; border: none; font-size: inherit; vertical-align: baseline; line-height: 1.5; font-family: inherit; list-style: initial; text-align: justify;\"><span style=\"margin: 0px; padding: 0px; border: 0px; font-size: inherit; vertical-align: baseline; line-height: 24px; font-family: inherit;\"><b style=\"margin: 0px; padding: 0px; border: 0px; font-size: inherit; vertical-align: baseline; line-height: 1.5; font-family: inherit;\"><span style=\"margin: 0px; padding: 0px; border: 0px; font-size: inherit; vertical-align: baseline; line-height: 1.5; font-family: inherit; color: red;\">Chi phí bữa tối ngày thứ 3 trong chương trình.</span></b></span></li><li style=\"margin: 0in 0in 0.0001pt 0px; padding: 0px; border: none; font-size: inherit; vertical-align: baseline; line-height: 1.5; font-family: inherit; list-style: initial; text-align: justify;\"><span style=\"margin: 0px; padding: 0px; border: 0px; font-size: inherit; vertical-align: baseline; line-height: 24px; font-family: inherit;\"><span style=\"margin: 0px; padding: 0px; border: 0px; font-size: inherit; vertical-align: baseline; line-height: 1.5; font-family: inherit;\">Tiền bồi dưỡng cho HDV và Lái xe. Phụ phí với người Nước ngoài - Việt Kiều</span></span></li><li style=\"margin: 0in 0in 0.0001pt 0px; padding: 0px; border: none; font-size: inherit; vertical-align: baseline; line-height: 1.5; font-family: inherit; list-style: initial; text-align: justify;\"><span style=\"margin: 0px; padding: 0px; border: 0px; font-size: inherit; vertical-align: baseline; line-height: 24px; font-family: inherit;\"><span style=\"margin: 0px; padding: 0px; border: 0px; font-size: inherit; vertical-align: baseline; line-height: 1.5; font-family: inherit;\">Vé Vinpearland: 750.000Đ/ vé</span></span></li><li style=\"margin: 0in 0in 0.0001pt 0px; padding: 0px; border: none; font-size: inherit; vertical-align: baseline; line-height: 1.5; font-family: inherit; list-style: initial; text-align: justify;\"><span style=\"margin: 0px; padding: 0px; border: 0px; font-size: inherit; vertical-align: baseline; line-height: 24px; font-family: inherit;\"><span style=\"margin: 0px; padding: 0px; border: 0px; font-size: inherit; vertical-align: baseline; line-height: 1.5; font-family: inherit;\">Vinpearl Safari: 650.000đ/ vé</span></span></li><li style=\"margin: 0in 0in 0.0001pt 0px; padding: 0px; border: none; font-size: inherit; vertical-align: baseline; line-height: 1.5; font-family: inherit; list-style: initial; text-align: justify;\"><span style=\"margin: 0px; padding: 0px; border: 0px; font-size: inherit; vertical-align: baseline; line-height: 24px; font-family: inherit;\"><span style=\"margin: 0px; padding: 0px; border: 0px; font-size: inherit; vertical-align: baseline; line-height: 1.5; font-family: inherit;\">Combo Vinpearland+Safari: 1.000.000đ/ vé</span></span></li></ul></div>','<h3 class=\"title-de\" style=\"margin: 30px 0px 15px; padding: 0px; border: 0px; font-size: 32px; vertical-align: baseline; line-height: 1.2; font-family: Roboto, sans-serif; font-weight: normal; text-transform: uppercase; clear: both; color: rgb(0, 137, 208); letter-spacing: normal;\"><span style=\"margin: 0px; padding: 0px; border: 0px; font-size: inherit; vertical-align: baseline; line-height: 1.5; font-family: inherit;\">CHI TIẾT TOUR</span></h3><p style=\"margin: 16px 0px; padding: 0px; border: 0px; font-size: 16px; vertical-align: baseline; line-height: 1.5; font-family: Roboto, sans-serif;\"><span style=\"margin: 0px; padding: 0px; border: 0px; font-size: 20px; vertical-align: baseline; line-height: 1.5; font-family: inherit;\"><span style=\"margin: 0px; padding: 0px; border: 0px; font-size: inherit; vertical-align: baseline; line-height: 1.5; font-family: Arial, Helvetica, sans-serif;\"><span style=\"margin: 0px; padding: 0px; border: 0px; font-size: inherit; vertical-align: baseline; line-height: normal; font-family: inherit;\"><b style=\"margin: 0px; padding: 0px; border: 0px; font-size: inherit; vertical-align: baseline; line-height: 1.5; font-family: inherit;\"><span style=\"margin: 0px; padding: 0px; border: 0px; font-size: inherit; vertical-align: baseline; line-height: 1.5; font-family: inherit; color: rgb(0, 112, 192);\">NGÀY 01: HÀ NỘI – PHÚ QUỐC &nbsp;</span></b><i style=\"margin: 0px 5px; padding: 0px; border: 0px; font-size: inherit; vertical-align: baseline; line-height: 1.5; font-family: inherit;\"><span style=\"margin: 0px; padding: 0px; border: 0px; font-size: inherit; vertical-align: baseline; line-height: 1.5; font-family: inherit; color: rgb(0, 112, 192);\">(Ăn Tối)</span></i></span></span></span></p><ul style=\"margin-right: 0px; margin-bottom: 0px; margin-left: 0px; padding: 0px 40px; border: 0px; vertical-align: baseline; line-height: 1.5; font-family: Roboto, sans-serif; list-style: initial;\"><li style=\"margin: 0px; padding: 0px; border: 0px; font-size: inherit; vertical-align: baseline; line-height: 1.5; font-family: inherit; list-style: initial;\"><span style=\"margin: 0px; padding: 0px; border: 0px; vertical-align: baseline; line-height: 1.5; font-family: inherit;\"><span style=\"margin: 0px; padding: 0px; border: 0px; font-size: inherit; vertical-align: baseline; line-height: 1.5; font-family: Arial, Helvetica, sans-serif;\"><span style=\"margin: 0px; padding: 0px; border: 0px; font-size: inherit; vertical-align: baseline; line-height: normal; font-family: inherit;\"><b style=\"margin: 0px; padding: 0px; border: 0px; font-size: inherit; vertical-align: baseline; line-height: 1.5; font-family: inherit;\">11h45:&nbsp;</b>Xe đón Quý khách tại Cổng Công viên Thống Nhất – Đường Trần Nhân Tông – Quận Hai Bà Trưng – Tp Hà Nội, khởi hành lên sân bay Nội Bài làm thủ tục chuyến bay QH1625 lúc 14:00 đi Phú Quốc.</span></span></span></li><li style=\"margin: 0px; padding: 0px; border: 0px; font-size: inherit; vertical-align: baseline; line-height: 1.5; font-family: inherit; list-style: initial;\"><span style=\"margin: 0px; padding: 0px; border: 0px; vertical-align: baseline; line-height: 1.5; font-family: inherit;\"><span style=\"margin: 0px; padding: 0px; border: 0px; font-size: inherit; vertical-align: baseline; line-height: 1.5; font-family: Arial, Helvetica, sans-serif;\"><span style=\"margin: 0px; padding: 0px; border: 0px; font-size: inherit; vertical-align: baseline; line-height: normal; font-family: inherit;\"><b style=\"margin: 0px; padding: 0px; border: 0px; font-size: inherit; vertical-align: baseline; line-height: 1.5; font-family: inherit;\">16h05</b>: Đến sân bay Dương Đông, xe và HDV đón đoàn về khách sạn nhận phòng nghỉ ngơi.</span></span></span></li><li style=\"margin: 0px; padding: 0px; border: 0px; font-size: inherit; vertical-align: baseline; line-height: 1.5; font-family: inherit; list-style: initial;\"><span style=\"margin: 0px; padding: 0px; border: 0px; vertical-align: baseline; line-height: 1.5; font-family: inherit;\"><span style=\"margin: 0px; padding: 0px; border: 0px; font-size: inherit; vertical-align: baseline; line-height: 1.5; font-family: Arial, Helvetica, sans-serif;\"><span style=\"margin: 0px; padding: 0px; border: 0px; font-size: inherit; vertical-align: baseline; line-height: normal; font-family: inherit;\"><b style=\"margin: 0px; padding: 0px; border: 0px; font-size: inherit; vertical-align: baseline; line-height: 1.5; font-family: inherit;\">Tối</b>&nbsp;:Đoàn ăn tối tại nhà hàng.</span></span></span></li><li style=\"margin: 0px; padding: 0px; border: 0px; font-size: inherit; vertical-align: baseline; line-height: 1.5; font-family: inherit; list-style: initial;\"><span style=\"margin: 0px; padding: 0px; border: 0px; vertical-align: baseline; line-height: 1.5; font-family: inherit;\"><span style=\"margin: 0px; padding: 0px; border: 0px; font-size: inherit; vertical-align: baseline; line-height: 1.5; font-family: Arial, Helvetica, sans-serif;\"><span style=\"margin: 0px; padding: 0px; border: 0px; font-size: inherit; vertical-align: baseline; line-height: normal; font-family: inherit;\">Tự do khám phá thị trấn về đêm và nghỉ qua đêm tại khách sạn 3* Phú Quốc .</span></span></span></li></ul><p style=\"margin: 16px 0px; padding: 0px; border: 0px; font-size: 16px; vertical-align: baseline; line-height: 1.5; font-family: Roboto, sans-serif;\">&nbsp;</p><p style=\"margin: 16px 0px; padding: 0px; border: 0px; font-size: 16px; vertical-align: baseline; line-height: 1.5; font-family: Roboto, sans-serif;\"><img alt=\"\" src=\"https://www.aussietravel.com.vn/application/media/phu_quoc/du-lich-phu-quoc-kinh-nghiem-va-thong-tin-huu-ich.jpg\" style=\"margin: 0px; padding: 0px; border: 0px; font-size: inherit; vertical-align: baseline; line-height: 1.5; font-family: inherit; width: 1600px; max-width: 100%; max-height: 100%; height: 900px;\"></p><p style=\"margin: 16px 0px; padding: 0px; border: 0px; font-size: 16px; vertical-align: baseline; line-height: 1.5; font-family: Roboto, sans-serif;\">&nbsp;</p><p style=\"margin: 16px 0px; padding: 0px; border: 0px; font-size: 16px; vertical-align: baseline; line-height: 1.5; font-family: Roboto, sans-serif;\"><span style=\"margin: 0px; padding: 0px; border: 0px; font-size: 20px; vertical-align: baseline; line-height: 1.5; font-family: inherit;\"><span style=\"margin: 0px; padding: 0px; border: 0px; font-size: inherit; vertical-align: baseline; line-height: 1.5; font-family: Arial, Helvetica, sans-serif;\"><span style=\"margin: 0px; padding: 0px; border: 0px; font-size: inherit; vertical-align: baseline; line-height: normal; font-family: inherit;\"><b style=\"margin: 0px; padding: 0px; border: 0px; font-size: inherit; vertical-align: baseline; line-height: 1.5; font-family: inherit;\"><span style=\"margin: 0px; padding: 0px; border: 0px; font-size: inherit; vertical-align: baseline; line-height: 1.5; font-family: inherit; color: rgb(0, 112, 192);\">NGÀY 02: PHÚ QUỐC – VINPEARLAND&nbsp;</span></b><i style=\"margin: 0px 5px; padding: 0px; border: 0px; font-size: inherit; vertical-align: baseline; line-height: 1.5; font-family: inherit;\"><span style=\"margin: 0px; padding: 0px; border: 0px; font-size: inherit; vertical-align: baseline; line-height: 1.5; font-family: inherit; color: rgb(0, 112, 192);\">(Ăn: Sáng, Trưa, Tối)</span></i><b style=\"margin: 0px; padding: 0px; border: 0px; font-size: inherit; vertical-align: baseline; line-height: 1.5; font-family: inherit;\"></b></span></span></span></p><ul style=\"margin-right: 0px; margin-bottom: 0px; margin-left: 0px; padding: 0px 40px; border: 0px; vertical-align: baseline; line-height: 1.5; font-family: Roboto, sans-serif; list-style: initial;\"><li style=\"margin: 0px; padding: 0px; border: 0px; font-size: inherit; vertical-align: baseline; line-height: 1.5; font-family: inherit; list-style: initial;\"><span style=\"margin: 0px; padding: 0px; border: 0px; vertical-align: baseline; line-height: 1.5; font-family: inherit;\"><span style=\"margin: 0px; padding: 0px; border: 0px; font-size: inherit; vertical-align: baseline; line-height: 1.5; font-family: Arial, Helvetica, sans-serif;\"><span style=\"margin: 0px; padding: 0px; border: 0px; font-size: inherit; vertical-align: baseline; line-height: normal; font-family: inherit;\"><b style=\"margin: 0px; padding: 0px; border: 0px; font-size: inherit; vertical-align: baseline; line-height: 1.5; font-family: inherit;\">Sáng</b>: Sau khi ăn sáng tại khách sạn, xe ô tô đón Đoàn đi khám phá Bắc Đảo với khu du lịch Vinpearl Land Phú Quốc. Quý khách dừng chân tại Đình Nguyễn Trung Trực, vị anh hùng dân tộc ở miền Nam trong thời kỳ kháng Pháp. Ra Biên Hải quán ngắm biên giới Việt Nam - Campuchia, nghe đờn ca tài tử…</span></span></span></li><li style=\"margin: 0px; padding: 0px; border: 0px; font-size: inherit; vertical-align: baseline; line-height: 1.5; font-family: inherit; list-style: initial;\"><span style=\"margin: 0px; padding: 0px; border: 0px; vertical-align: baseline; line-height: 1.5; font-family: inherit;\"><span style=\"margin: 0px; padding: 0px; border: 0px; font-size: inherit; vertical-align: baseline; line-height: 1.5; font-family: Arial, Helvetica, sans-serif;\"><span style=\"margin: 0px; padding: 0px; border: 0px; font-size: inherit; vertical-align: baseline; line-height: normal; font-family: inherit;\"><b style=\"margin: 0px; padding: 0px; border: 0px; font-size: inherit; vertical-align: baseline; line-height: 1.5; font-family: inherit;\">Trưa</b>: Đoàn dùng bữa trưa tại Gành Dàu - Phú Quốc</span></span></span></li><li style=\"margin: 0px; padding: 0px; border: 0px; font-size: inherit; vertical-align: baseline; line-height: 1.5; font-family: inherit; list-style: initial;\"><span style=\"margin: 0px; padding: 0px; border: 0px; vertical-align: baseline; line-height: 1.5; font-family: inherit;\"><span style=\"margin: 0px; padding: 0px; border: 0px; font-size: inherit; vertical-align: baseline; line-height: 1.5; font-family: Arial, Helvetica, sans-serif;\"><span style=\"margin: 0px; padding: 0px; border: 0px; font-size: inherit; vertical-align: baseline; line-height: normal; font-family: inherit;\">Chiều: Xe và Hướng dẫn viên đưa Qúy khách đến với Grand World – thành phố không ngủ của Phú Quốc để tự do tham quan, checkin.</span></span></span></li><li style=\"margin: 0px; padding: 0px; border: 0px; font-size: inherit; vertical-align: baseline; line-height: 1.5; font-family: inherit; list-style: initial;\"><span style=\"margin: 0px; padding: 0px; border: 0px; vertical-align: baseline; line-height: 1.5; font-family: inherit;\"><span style=\"margin: 0px; padding: 0px; border: 0px; font-size: inherit; vertical-align: baseline; line-height: 1.5; font-family: Arial, Helvetica, sans-serif;\"><span style=\"margin: 0px; padding: 0px; border: 0px; font-size: inherit; vertical-align: baseline; line-height: normal; font-family: inherit;\">Đoàn tham quan Vinpearland&nbsp;<b style=\"margin: 0px; padding: 0px; border: 0px; font-size: inherit; vertical-align: baseline; line-height: 1.5; font-family: inherit;\"><i style=\"margin: 0px 5px; padding: 0px; border: 0px; font-size: inherit; vertical-align: baseline; line-height: 1.5; font-family: inherit;\">(Chi phí vé tự túc)</i></b>. Quý khách tự do khám phá Khu vui chơi giải trí Vinpearl Land rộng lớn với đầy đủ những trò chơi dành cho mọi lứa tuổi và sở thích. Ngoài ra, còn có Khu công viên nước với các trò chơi hấp dẫn như: boomerang khổng lồ, đường trượt siêu lòng chảo, dòng sông lười, lâu đài, bể tạo sóng… Và Khu Thủy Cung với hàng trăm loài cá và sinh vật biển kỳ thú như: cá hải tượng, cá Sấu hỏa tiễn với chiếc mõm dài và hung dữ hay những loài quý hiếm như cá Nemo, cá Napoleon, cá mập trắng… Quý khách có thể tham quan khám phá Vườn Thú Hoang Dã đầu tiên tại Việt Nam – Vinpearl Safari Phú Quốc (Chi phí tự túc) với quy mô 180ha, với hơn 130 loài động vật quý hiếm.</span></span></span></li><li style=\"margin: 0px; padding: 0px; border: 0px; font-size: inherit; vertical-align: baseline; line-height: 1.5; font-family: inherit; list-style: initial;\"><span style=\"margin: 0px; padding: 0px; border: 0px; vertical-align: baseline; line-height: 1.5; font-family: inherit;\"><span style=\"margin: 0px; padding: 0px; border: 0px; font-size: inherit; vertical-align: baseline; line-height: 1.5; font-family: Arial, Helvetica, sans-serif;\"><span style=\"margin: 0px; padding: 0px; border: 0px; font-size: inherit; vertical-align: baseline; line-height: normal; font-family: inherit;\">Ghi chú Nếu quý khách không tham dự chương trình buổi sáng ngày 2 – Chúng tôi sẽ hoàn lại chi phí ăn trưa ngày này: 150.000đ/ 1 khách. Quý khách có thể đăng ký đi Hòn Thơm – Chi phí khách sẽ tự chi trả.</span></span></span></li><li style=\"margin: 0px; padding: 0px; border: 0px; font-size: inherit; vertical-align: baseline; line-height: 1.5; font-family: inherit; list-style: initial;\"><span style=\"margin: 0px; padding: 0px; border: 0px; vertical-align: baseline; line-height: 1.5; font-family: inherit;\"><span style=\"margin: 0px; padding: 0px; border: 0px; font-size: inherit; vertical-align: baseline; line-height: 1.5; font-family: Arial, Helvetica, sans-serif;\"><span style=\"margin: 0px; padding: 0px; border: 0px; font-size: inherit; vertical-align: baseline; line-height: normal; font-family: inherit;\">Tối: Đoàn ăn tối và nghỉ đêm tại khách sạn.</span></span></span></li></ul><p style=\"margin: 16px 0px; padding: 0px; border: 0px; font-size: 16px; vertical-align: baseline; line-height: 1.5; font-family: Roboto, sans-serif;\">&nbsp;</p><p style=\"margin: 16px 0px; padding: 0px; border: 0px; font-size: 16px; vertical-align: baseline; line-height: 1.5; font-family: Roboto, sans-serif;\"><span style=\"margin: 0px; padding: 0px; border: 0px; vertical-align: baseline; line-height: 1.5; font-family: inherit;\"><span style=\"margin: 0px; padding: 0px; border: 0px; font-size: inherit; vertical-align: baseline; line-height: 1.5; font-family: Arial, Helvetica, sans-serif;\"><img alt=\"\" src=\"https://www.aussietravel.com.vn/application/media/phu_quoc/vinwonders-phu-quoc-vinpearl-land-phu-quoc-cong-vien-chu-de-lon-nhat-viet-nam-1610502702.jpg\" style=\"margin: 0px; padding: 0px; border: 0px; font-size: inherit; vertical-align: baseline; line-height: 1.5; font-family: inherit; width: 2048px; max-width: 100%; max-height: 100%; height: 1364px;\"></span></span></p><p style=\"margin: 16px 0px; padding: 0px; border: 0px; font-size: 16px; vertical-align: baseline; line-height: 1.5; font-family: Roboto, sans-serif;\">&nbsp;</p><p style=\"margin: 16px 0px; padding: 0px; border: 0px; font-size: 16px; vertical-align: baseline; line-height: 1.5; font-family: Roboto, sans-serif;\">&nbsp;</p><p style=\"margin: 16px 0px; padding: 0px; border: 0px; font-size: 16px; vertical-align: baseline; line-height: 1.5; font-family: Roboto, sans-serif;\"><span style=\"margin: 0px; padding: 0px; border: 0px; font-size: 20px; vertical-align: baseline; line-height: 1.5; font-family: inherit;\"><span style=\"margin: 0px; padding: 0px; border: 0px; font-size: inherit; vertical-align: baseline; line-height: 1.5; font-family: Arial, Helvetica, sans-serif;\"><span style=\"margin: 0px; padding: 0px; border: 0px; font-size: inherit; vertical-align: baseline; line-height: normal; font-family: inherit;\"><b style=\"margin: 0px; padding: 0px; border: 0px; font-size: inherit; vertical-align: baseline; line-height: 1.5; font-family: inherit;\"><span style=\"margin: 0px; padding: 0px; border: 0px; font-size: inherit; vertical-align: baseline; line-height: 1.5; font-family: inherit; color: rgb(0, 112, 192);\">NGÀY 03: ĐẢO NGỌC PHÚ QUỐC&nbsp;</span></b><i style=\"margin: 0px 5px; padding: 0px; border: 0px; font-size: inherit; vertical-align: baseline; line-height: 1.5; font-family: inherit;\"><span style=\"margin: 0px; padding: 0px; border: 0px; font-size: inherit; vertical-align: baseline; line-height: 1.5; font-family: inherit; color: rgb(0, 112, 192);\">(Ăn: Sáng, Trưa) Ăn tối tự túc</span></i></span></span></span></p><ul style=\"margin-right: 0px; margin-bottom: 0px; margin-left: 0px; padding: 0px 40px; border: 0px; vertical-align: baseline; line-height: 1.5; font-family: Roboto, sans-serif; list-style: initial;\"><li style=\"margin: 0px; padding: 0px; border: 0px; font-size: inherit; vertical-align: baseline; line-height: 1.5; font-family: inherit; list-style: initial;\"><span style=\"margin: 0px; padding: 0px; border: 0px; vertical-align: baseline; line-height: 1.5; font-family: inherit;\"><span style=\"margin: 0px; padding: 0px; border: 0px; font-size: inherit; vertical-align: baseline; line-height: 1.5; font-family: Arial, Helvetica, sans-serif;\"><span style=\"margin: 0px; padding: 0px; border: 0px; font-size: inherit; vertical-align: baseline; line-height: normal; font-family: inherit;\"><b style=\"margin: 0px; padding: 0px; border: 0px; font-size: inherit; vertical-align: baseline; line-height: 1.5; font-family: inherit;\">06h30</b>: Quý khách dùng điểm tâm sáng tại khách sạn.</span></span></span></li><li style=\"margin: 0px; padding: 0px; border: 0px; font-size: inherit; vertical-align: baseline; line-height: 1.5; font-family: inherit; list-style: initial;\"><span style=\"margin: 0px; padding: 0px; border: 0px; vertical-align: baseline; line-height: 1.5; font-family: inherit;\"><span style=\"margin: 0px; padding: 0px; border: 0px; font-size: inherit; vertical-align: baseline; line-height: 1.5; font-family: Arial, Helvetica, sans-serif;\"><span style=\"margin: 0px; padding: 0px; border: 0px; font-size: inherit; vertical-align: baseline; line-height: normal; font-family: inherit;\"><b style=\"margin: 0px; padding: 0px; border: 0px; font-size: inherit; vertical-align: baseline; line-height: 1.5; font-family: inherit;\">07h00</b>: Đoàn tham quan cơ sở nuôi cấy ngọc trai của Úc - nơi trưng bày các sản phẩm ngọc trai chính hiệu được nuôi cấy tại Phú Quốc. Quý khách thưởng thức Rượu sim - loại rượu vang làm từ trái sim rừng chín. Đoàn tiếp tục tham quan di tích lịch sử nhà tù Phú Quốc.</span></span></span></li><li style=\"margin: 0px; padding: 0px; border: 0px; font-size: inherit; vertical-align: baseline; line-height: 1.5; font-family: inherit; list-style: initial;\"><span style=\"margin: 0px; padding: 0px; border: 0px; vertical-align: baseline; line-height: 1.5; font-family: inherit;\"><span style=\"margin: 0px; padding: 0px; border: 0px; font-size: inherit; vertical-align: baseline; line-height: 1.5; font-family: Arial, Helvetica, sans-serif;\"><span style=\"margin: 0px; padding: 0px; border: 0px; font-size: inherit; vertical-align: baseline; line-height: normal; font-family: inherit;\"><b style=\"margin: 0px; padding: 0px; border: 0px; font-size: inherit; vertical-align: baseline; line-height: 1.5; font-family: inherit;\">09h00</b>: Đoàn lên tàu, thăm quan Bãi Sao, cùng tham gia hoạt động lặn ngắm san hô và câu cá trên tàu. Đứng từ trên boong tàu, quý khách nhảy ùm xuống vịnh, trong làn nước xanh biếc quả là cảm giác khó quên. Rồi nếu may mắn, quý khách sẽ câu được cá – mực, rồi tự tay hoặc nhờ nhà tàu sẽ chế biến cho bữa trưa thêm phong phú.</span></span></span></li><li style=\"margin: 0px; padding: 0px; border: 0px; font-size: inherit; vertical-align: baseline; line-height: 1.5; font-family: inherit; list-style: initial;\"><span style=\"margin: 0px; padding: 0px; border: 0px; vertical-align: baseline; line-height: 1.5; font-family: inherit;\"><span style=\"margin: 0px; padding: 0px; border: 0px; font-size: inherit; vertical-align: baseline; line-height: 1.5; font-family: Arial, Helvetica, sans-serif;\"><span style=\"margin: 0px; padding: 0px; border: 0px; font-size: inherit; vertical-align: baseline; line-height: normal; font-family: inherit;\"><b style=\"margin: 0px; padding: 0px; border: 0px; font-size: inherit; vertical-align: baseline; line-height: 1.5; font-family: inherit;\">Trưa</b>: Đoàn dùng bữa trưa trên tàu, thưởng thức hải sản địa phương.</span></span></span></li><li style=\"margin: 0px; padding: 0px; border: 0px; font-size: inherit; vertical-align: baseline; line-height: 1.5; font-family: inherit; list-style: initial;\"><span style=\"margin: 0px; padding: 0px; border: 0px; vertical-align: baseline; line-height: 1.5; font-family: inherit;\"><span style=\"margin: 0px; padding: 0px; border: 0px; font-size: inherit; vertical-align: baseline; line-height: 1.5; font-family: Arial, Helvetica, sans-serif;\"><span style=\"margin: 0px; padding: 0px; border: 0px; font-size: inherit; vertical-align: baseline; line-height: normal; font-family: inherit;\"><b style=\"margin: 0px; padding: 0px; border: 0px; font-size: inherit; vertical-align: baseline; line-height: 1.5; font-family: inherit;\">Chiều</b>: Quý khách lên bờ, xe đón đoàn về lại trung tâm thị trấn, nghỉ ngơi tại khách sạn hoặc tự do tắm biển.</span></span></span></li><li style=\"margin: 0px; padding: 0px; border: 0px; font-size: inherit; vertical-align: baseline; line-height: 1.5; font-family: inherit; list-style: initial;\"><span style=\"margin: 0px; padding: 0px; border: 0px; vertical-align: baseline; line-height: 1.5; font-family: inherit;\"><span style=\"margin: 0px; padding: 0px; border: 0px; font-size: inherit; vertical-align: baseline; line-height: 1.5; font-family: Arial, Helvetica, sans-serif;\"><span style=\"margin: 0px; padding: 0px; border: 0px; font-size: inherit; vertical-align: baseline; line-height: normal; font-family: inherit;\"><b style=\"margin: 0px; padding: 0px; border: 0px; font-size: inherit; vertical-align: baseline; line-height: 1.5; font-family: inherit;\">Tối</b>: Đoàn tự do khám phá chợ đêm Dinh Cậu và tự túc chi phí ăn tối.</span></span></span></li><li style=\"margin: 0px; padding: 0px; border: 0px; font-size: inherit; vertical-align: baseline; line-height: 1.5; font-family: inherit; list-style: initial;\"><span style=\"margin: 0px; padding: 0px; border: 0px; vertical-align: baseline; line-height: 1.5; font-family: inherit;\"><span style=\"margin: 0px; padding: 0px; border: 0px; font-size: inherit; vertical-align: baseline; line-height: 1.5; font-family: Arial, Helvetica, sans-serif;\"><span style=\"margin: 0px; padding: 0px; border: 0px; font-size: inherit; vertical-align: baseline; line-height: normal; font-family: inherit;\">Quý khách có thể ghé thăm 1 quán hải sản rồi thưởng thức hương vị hải sản của Phú Quốc. Đoàn nghỉ đêm tại khách sạn 3 sao.</span></span></span></li></ul><p style=\"margin: 16px 0px; padding: 0px; border: 0px; font-size: 16px; vertical-align: baseline; line-height: 1.5; font-family: Roboto, sans-serif;\">&nbsp;</p><p style=\"margin: 16px 0px; padding: 0px; border: 0px; font-size: 16px; vertical-align: baseline; line-height: 1.5; font-family: Roboto, sans-serif;\"><span style=\"margin: 0px; padding: 0px; border: 0px; vertical-align: baseline; line-height: 1.5; font-family: inherit;\"><span style=\"margin: 0px; padding: 0px; border: 0px; font-size: inherit; vertical-align: baseline; line-height: 1.5; font-family: Arial, Helvetica, sans-serif;\"><img alt=\"\" src=\"https://www.aussietravel.com.vn/application/media/phu_quoc/bai-sao-phu-quoc-diem-dung-chan-ly-tuong-tren-dao-ngoc-18-1610609499.jpg\" style=\"margin: 0px; padding: 0px; border: 0px; font-size: inherit; vertical-align: baseline; line-height: 1.5; font-family: inherit; width: 1500px; max-width: 100%; max-height: 100%; height: 846px;\"></span></span></p><p style=\"margin: 16px 0px; padding: 0px; border: 0px; font-size: 16px; vertical-align: baseline; line-height: 1.5; font-family: Roboto, sans-serif;\">&nbsp;</p><p style=\"margin: 16px 0px; padding: 0px; border: 0px; font-size: 16px; vertical-align: baseline; line-height: 1.5; font-family: Roboto, sans-serif;\">&nbsp;</p><p style=\"margin: 16px 0px; padding: 0px; border: 0px; font-size: 16px; vertical-align: baseline; line-height: 1.5; font-family: Roboto, sans-serif;\"><span style=\"margin: 0px; padding: 0px; border: 0px; font-size: 20px; vertical-align: baseline; line-height: 1.5; font-family: inherit;\"><span style=\"margin: 0px; padding: 0px; border: 0px; font-size: inherit; vertical-align: baseline; line-height: 1.5; font-family: Arial, Helvetica, sans-serif;\"><span style=\"margin: 0px; padding: 0px; border: 0px; font-size: inherit; vertical-align: baseline; line-height: normal; font-family: inherit;\"><b style=\"margin: 0px; padding: 0px; border: 0px; font-size: inherit; vertical-align: baseline; line-height: 1.5; font-family: inherit;\"><span style=\"margin: 0px; padding: 0px; border: 0px; font-size: inherit; vertical-align: baseline; line-height: 1.5; font-family: inherit; color: rgb(0, 112, 192);\">NGÀY 04: PHÚ QUỐC – HÀ NỘI&nbsp;</span></b><i style=\"margin: 0px 5px; padding: 0px; border: 0px; font-size: inherit; vertical-align: baseline; line-height: 1.5; font-family: inherit;\"><span style=\"margin: 0px; padding: 0px; border: 0px; font-size: inherit; vertical-align: baseline; line-height: 1.5; font-family: inherit; color: rgb(0, 112, 192);\">(Ăn: Sáng, Trưa)</span></i></span></span></span></p><ul style=\"margin-right: 0px; margin-bottom: 0px; margin-left: 0px; padding: 0px 40px; border: 0px; vertical-align: baseline; line-height: 1.5; font-family: Roboto, sans-serif; list-style: initial;\"><li style=\"margin: 0px; padding: 0px; border: 0px; font-size: inherit; vertical-align: baseline; line-height: 1.5; font-family: inherit; list-style: initial;\"><span style=\"margin: 0px; padding: 0px; border: 0px; vertical-align: baseline; line-height: 1.5; font-family: inherit;\"><span style=\"margin: 0px; padding: 0px; border: 0px; font-size: inherit; vertical-align: baseline; line-height: 1.5; font-family: Arial, Helvetica, sans-serif;\"><span style=\"margin: 0px; padding: 0px; border: 0px; font-size: inherit; vertical-align: baseline; line-height: normal; font-family: inherit;\"><b style=\"margin: 0px; padding: 0px; border: 0px; font-size: inherit; vertical-align: baseline; line-height: 1.5; font-family: inherit;\">Sáng</b>: Quý khách ăn sáng tại khách sạn.</span></span></span></li><li style=\"margin: 0px; padding: 0px; border: 0px; font-size: inherit; vertical-align: baseline; line-height: 1.5; font-family: inherit; list-style: initial;\"><span style=\"margin: 0px; padding: 0px; border: 0px; vertical-align: baseline; line-height: 1.5; font-family: inherit;\"><span style=\"margin: 0px; padding: 0px; border: 0px; font-size: inherit; vertical-align: baseline; line-height: 1.5; font-family: Arial, Helvetica, sans-serif;\"><span style=\"margin: 0px; padding: 0px; border: 0px; font-size: inherit; vertical-align: baseline; line-height: normal; font-family: inherit;\">Sau đó Xe và Hướng dẫn viên đưa quý khách ghé thăm Chùa Sư Muôn và khu du lịch Suối Tranh - đoàn tự do tham quan, lễ Chùa và chụp ảnh.</span></span></span></li><li style=\"margin: 0px; padding: 0px; border: 0px; font-size: inherit; vertical-align: baseline; line-height: 1.5; font-family: inherit; list-style: initial;\"><span style=\"margin: 0px; padding: 0px; border: 0px; vertical-align: baseline; line-height: 1.5; font-family: inherit;\"><span style=\"margin: 0px; padding: 0px; border: 0px; font-size: inherit; vertical-align: baseline; line-height: 1.5; font-family: Arial, Helvetica, sans-serif;\"><span style=\"margin: 0px; padding: 0px; border: 0px; font-size: inherit; vertical-align: baseline; line-height: normal; font-family: inherit;\"><b style=\"margin: 0px; padding: 0px; border: 0px; font-size: inherit; vertical-align: baseline; line-height: 1.5; font-family: inherit;\">Trưa</b>: Quý khách làm thủ tục trả phòng khách sạn.</span></span></span></li><li style=\"margin: 0px; padding: 0px; border: 0px; font-size: inherit; vertical-align: baseline; line-height: 1.5; font-family: inherit; list-style: initial;\"><span style=\"margin: 0px; padding: 0px; border: 0px; vertical-align: baseline; line-height: 1.5; font-family: inherit;\"><span style=\"margin: 0px; padding: 0px; border: 0px; font-size: inherit; vertical-align: baseline; line-height: 1.5; font-family: Arial, Helvetica, sans-serif;\"><span style=\"margin: 0px; padding: 0px; border: 0px; font-size: inherit; vertical-align: baseline; line-height: normal; font-family: inherit;\">Ăn trưa tại nhà hàng</span></span></span></li><li style=\"margin: 0px; padding: 0px; border: 0px; font-size: inherit; vertical-align: baseline; line-height: 1.5; font-family: inherit; list-style: initial;\"><span style=\"margin: 0px; padding: 0px; border: 0px; vertical-align: baseline; line-height: 1.5; font-family: inherit;\"><span style=\"margin: 0px; padding: 0px; border: 0px; font-size: inherit; vertical-align: baseline; line-height: 1.5; font-family: Arial, Helvetica, sans-serif;\"><span style=\"margin: 0px; padding: 0px; border: 0px; font-size: inherit; vertical-align: baseline; line-height: normal; font-family: inherit;\"><b style=\"margin: 0px; padding: 0px; border: 0px; font-size: inherit; vertical-align: baseline; line-height: 1.5; font-family: inherit;\">Chiều</b>: Xe và hướng dẫn viên đưa Quý khách tới Siêu thị đặc sản tại Phú Quốc để tham quan, mua sắm quà cho bạn bè, người thân.</span></span></span></li><li style=\"margin: 0px; padding: 0px; border: 0px; font-size: inherit; vertical-align: baseline; line-height: 1.5; font-family: inherit; list-style: initial;\"><span style=\"margin: 0px; padding: 0px; border: 0px; vertical-align: baseline; line-height: 1.5; font-family: inherit;\"><span style=\"margin: 0px; padding: 0px; border: 0px; font-size: inherit; vertical-align: baseline; line-height: 1.5; font-family: Arial, Helvetica, sans-serif;\"><span style=\"margin: 0px; padding: 0px; border: 0px; font-size: inherit; vertical-align: baseline; line-height: normal; font-family: inherit;\">Tới giờ hẹn, Xe đưa Quý khách ra Sân bay Dương Đông đáp chuyến bay QH1626 16:50 về Hà Nội.</span></span></span></li><li style=\"margin: 0px; padding: 0px; border: 0px; font-size: inherit; vertical-align: baseline; line-height: 1.5; font-family: inherit; list-style: initial;\"><span style=\"margin: 0px; padding: 0px; border: 0px; vertical-align: baseline; line-height: 1.5; font-family: inherit;\"><span style=\"margin: 0px; padding: 0px; border: 0px; font-size: inherit; vertical-align: baseline; line-height: 1.5; font-family: Arial, Helvetica, sans-serif;\"><span style=\"margin: 0px; padding: 0px; border: 0px; font-size: inherit; vertical-align: baseline; line-height: normal; font-family: inherit;\">Đến sân bay Nội Bài, xe và hướng dẫn viên đón quý khách về lại trung tâm thành phố. Chia tay quý khách và hẹn gặp lại Quý khách!</span></span></span></li></ul><p style=\"margin: 16px 0px; padding: 0px; border: 0px; font-size: 16px; vertical-align: baseline; line-height: 1.5; font-family: Roboto, sans-serif;\">&nbsp;</p><p style=\"margin: 16px 0px; padding: 0px; border: 0px; font-size: 16px; vertical-align: baseline; line-height: 1.5; font-family: Roboto, sans-serif;\"><span style=\"margin: 0px; padding: 0px; border: 0px; vertical-align: baseline; line-height: 1.5; font-family: inherit;\"><span style=\"margin: 0px; padding: 0px; border: 0px; font-size: inherit; vertical-align: baseline; line-height: 1.5; font-family: Arial, Helvetica, sans-serif;\"><span style=\"margin: 0px; padding: 0px; border: 0px; font-size: inherit; vertical-align: baseline; line-height: normal; font-family: inherit;\"><img alt=\"\" src=\"https://www.aussietravel.com.vn/application/media/phu_quoc/hat-tieu-phu-quoc-dac-san-phu-quoc.jpg\" style=\"margin: 0px; padding: 0px; border: 0px; font-size: inherit; vertical-align: baseline; line-height: 1.5; font-family: inherit; width: 1229px; max-width: 100%; max-height: 100%; height: 814px;\"></span></span></span></p>'),(3,'<div class=\"box-ckeditor\" style=\"margin: 0px; padding: 0px; border: 0px; vertical-align: baseline; line-height: 1.5; font-family: Roboto, sans-serif; overflow: auto;\"><h3 class=\"title-de\" style=\"margin: 30px 0px 15px; padding: 0px; border: 0px; font-size: 32px; vertical-align: baseline; line-height: 1.2; font-family: inherit; font-weight: normal; text-transform: uppercase; clear: both; color: rgb(0, 137, 208);\"><span style=\"margin: 0px; padding: 0px; border: 0px; font-size: inherit; vertical-align: baseline; line-height: 1.5; font-family: inherit;\">BAO GỒM</span></h3><p style=\"margin: 16px 0px; padding: 0px; border: 0px; font-size: inherit; vertical-align: baseline; line-height: 1.5; font-family: inherit;\"><span style=\"margin: 0px; padding: 0px; border: 0px; font-size: 14px; vertical-align: baseline; line-height: 1.5; font-family: inherit;\"><span style=\"margin: 0px; padding: 0px; border: 0px; font-size: inherit; vertical-align: baseline; line-height: 1.5; font-family: Arial, Helvetica, sans-serif;\"><span style=\"margin: 0px; padding: 0px; border: 0px; font-size: inherit; vertical-align: baseline; line-height: 1.5; font-family: inherit; background-image: initial; background-position: initial; background-size: initial; background-repeat: initial; background-attachment: initial; background-origin: initial; background-clip: initial;\"><span style=\"margin: 0px; padding: 0px; border: 0px; font-size: inherit; vertical-align: baseline; line-height: 1.5; font-family: inherit;\">– Xe vận chuyển nhập khẩu đầ</span></span><a href=\"https://tnbtravel.com/tour/can-tho-soc-trang-ca-mau-bac-lieu\" style=\"margin: 0px; padding: 0px; border: 0px; font-size: inherit; vertical-align: baseline; line-height: 1.5; font-family: inherit; color: rgb(7, 130, 193); transition: all 0.3s ease 0s;\"><span style=\"margin: 0px; padding: 0px; border: 0px; font-size: inherit; vertical-align: baseline; line-height: 1.5; font-family: inherit; color: black;\">y</span></a><span style=\"margin: 0px; padding: 0px; border: 0px; font-size: inherit; vertical-align: baseline; line-height: 1.5; font-family: inherit; background-image: initial; background-position: initial; background-size: initial; background-repeat: initial; background-attachment: initial; background-origin: initial; background-clip: initial;\"><span style=\"margin: 0px; padding: 0px; border: 0px; font-size: inherit; vertical-align: baseline; line-height: 1.5; font-family: inherit;\">&nbsp;đủ tiện nghi, ghế bật, máy lạnh, ti vi …(mỗi khách 1 ghế).</span></span><br><span style=\"margin: 0px; padding: 0px; border: 0px; font-size: inherit; vertical-align: baseline; line-height: 1.5; font-family: inherit; background-image: initial; background-position: initial; background-size: initial; background-repeat: initial; background-attachment: initial; background-origin: initial; background-clip: initial;\"><span style=\"margin: 0px; padding: 0px; border: 0px; font-size: inherit; vertical-align: baseline; line-height: 1.5; font-family: inherit;\">– Khách sạn : 3* (2 khách 1 phòng,trường hợp lẻ ngủ 3 khách/phòng)</span></span></span></span><br><span style=\"margin: 0px; padding: 0px; border: 0px; font-size: 14px; vertical-align: baseline; line-height: 1.5; font-family: inherit;\"><span style=\"margin: 0px; padding: 0px; border: 0px; font-size: inherit; vertical-align: baseline; line-height: 1.5; font-family: Arial, Helvetica, sans-serif;\"><span style=\"margin: 0px; padding: 0px; border: 0px; font-size: inherit; vertical-align: baseline; line-height: 1.5; font-family: inherit; background-image: initial; background-position: initial; background-size: initial; background-repeat: initial; background-attachment: initial; background-origin: initial; background-clip: initial;\"><span style=\"margin: 0px; padding: 0px; border: 0px; font-size: inherit; vertical-align: baseline; line-height: 1.5; font-family: inherit;\">– Ăn chính 3 bữa chính&nbsp;</span><span lang=\"VI\" style=\"margin: 0px; padding: 0px; border: 0px; font-size: inherit; vertical-align: baseline; line-height: 1.5; font-family: inherit; font-style: italic;\">15</span><span style=\"margin: 0px; padding: 0px; border: 0px; font-size: inherit; vertical-align: baseline; line-height: 1.5; font-family: inherit;\">0,000đ/</span><span lang=\"VI\" style=\"margin: 0px; padding: 0px; border: 0px; font-size: inherit; vertical-align: baseline; line-height: 1.5; font-family: inherit; font-style: italic;\"><span style=\"margin: 0px; padding: 0px; border: 0px; font-size: inherit; vertical-align: baseline; line-height: 1.5; font-family: inherit;\">s</span></span><span style=\"margin: 0px; padding: 0px; border: 0px; font-size: inherit; vertical-align: baseline; line-height: 1.5; font-family: inherit;\">uất/khách.</span></span></span></span><br><span style=\"margin: 0px; padding: 0px; border: 0px; font-size: 14px; vertical-align: baseline; line-height: 1.5; font-family: inherit;\"><span style=\"margin: 0px; padding: 0px; border: 0px; font-size: inherit; vertical-align: baseline; line-height: 1.5; font-family: Arial, Helvetica, sans-serif;\">– Ăn sáng : 1 bữa sáng Buffet tại khách sạn.</span></span><br><span style=\"margin: 0px; padding: 0px; border: 0px; font-size: 14px; vertical-align: baseline; line-height: 1.5; font-family: inherit;\"><span style=\"margin: 0px; padding: 0px; border: 0px; font-size: inherit; vertical-align: baseline; line-height: 1.5; font-family: Arial, Helvetica, sans-serif;\">– Nước 1 ngày 1 chai 500ml, khăn 2 chiếc,</span></span><br><span style=\"margin: 0px; padding: 0px; border: 0px; font-size: 14px; vertical-align: baseline; line-height: 1.5; font-family: inherit;\"><span style=\"margin: 0px; padding: 0px; border: 0px; font-size: inherit; vertical-align: baseline; line-height: 1.5; font-family: Arial, Helvetica, sans-serif;\">– Nón Du Lịch mỗi người 1 chiếc.</span></span><br><span style=\"margin: 0px; padding: 0px; border: 0px; font-size: 14px; vertical-align: baseline; line-height: 1.5; font-family: inherit;\"><span style=\"margin: 0px; padding: 0px; border: 0px; font-size: inherit; vertical-align: baseline; line-height: 1.5; font-family: Arial, Helvetica, sans-serif;\">– Hướng dẫn viên tiếng việt phục vụ đoàn suốt chương trình.</span></span><br><span style=\"margin: 0px; padding: 0px; border: 0px; font-size: 14px; vertical-align: baseline; line-height: 1.5; font-family: inherit;\"><span style=\"margin: 0px; padding: 0px; border: 0px; font-size: inherit; vertical-align: baseline; line-height: 1.5; font-family: Arial, Helvetica, sans-serif;\"><span style=\"margin: 0px; padding: 0px; border: 0px; font-size: inherit; vertical-align: baseline; line-height: 1.5; font-family: inherit; background-image: initial; background-position: initial; background-size: initial; background-repeat: initial; background-attachment: initial; background-origin: initial; background-clip: initial;\"><span style=\"margin: 0px; padding: 0px; border: 0px; font-size: inherit; vertical-align: baseline; line-height: 1.5; font-family: inherit;\">– Vé tham&nbsp;</span><a href=\"https://tnbtravel.com/tour/can-tho-soc-trang-ca-mau-bac-lieu\" style=\"margin: 0px; padding: 0px; border: 0px; font-size: inherit; vertical-align: baseline; line-height: 1.5; font-family: inherit; color: rgb(7, 130, 193); transition: all 0.3s ease 0s;\"><span style=\"margin: 0px; padding: 0px; border: 0px; font-size: inherit; vertical-align: baseline; line-height: 1.5; font-family: inherit; color: black;\">quan</span></a><span style=\"margin: 0px; padding: 0px; border: 0px; font-size: inherit; vertical-align: baseline; line-height: 1.5; font-family: inherit;\">&nbsp;vào cửa 1 lần các điểm có trong chương trình</span></span></span></span><br><span style=\"margin: 0px; padding: 0px; border: 0px; font-size: 14px; vertical-align: baseline; line-height: 1.5; font-family: inherit;\"><span style=\"margin: 0px; padding: 0px; border: 0px; font-size: inherit; vertical-align: baseline; line-height: 1.5; font-family: Arial, Helvetica, sans-serif;\">– Bảo hiểm mức đền bù 50.000.000đ/vụ.</span></span></p></div><div class=\"box-ckeditor\" style=\"margin: 0px; padding: 0px; border: 0px; vertical-align: baseline; line-height: 1.5; font-family: Roboto, sans-serif; overflow: auto;\"><h3 class=\"title-de\" style=\"margin: 30px 0px 15px; padding: 0px; border: 0px; font-size: 32px; vertical-align: baseline; line-height: 1.2; font-family: inherit; font-weight: normal; text-transform: uppercase; clear: both; color: rgb(0, 137, 208);\"><span style=\"margin: 0px; padding: 0px; border: 0px; font-size: inherit; vertical-align: baseline; line-height: 1.5; font-family: inherit;\">KHÔNG BAO GỒM</span></h3><p style=\"margin: 16px 0px; padding: 0px; border: 0px; font-size: inherit; vertical-align: baseline; line-height: 1.5; font-family: inherit;\"><span style=\"margin: 0px; padding: 0px; border: 0px; font-size: 13pt; vertical-align: baseline; line-height: 1.5; font-family: inherit;\">– Thuế VAT</span><br><span style=\"margin: 0px; padding: 0px; border: 0px; font-size: inherit; vertical-align: baseline; line-height: 1.5; font-family: inherit; background-image: initial; background-position: initial; background-size: initial; background-repeat: initial; background-attachment: initial; background-origin: initial; background-clip: initial;\"><span style=\"margin: 0px; padding: 0px; border: 0px; font-size: inherit; vertical-align: baseline; line-height: 1.5; font-family: inherit;\"><span style=\"margin: 0px; padding: 0px; border: 0px; font-size: 13pt; vertical-align: baseline; line-height: 1.5; font-family: inherit;\">– Chi phí cá nhân ngoài chương trình.</span></span></span><br><span style=\"margin: 0px; padding: 0px; border: 0px; font-size: inherit; vertical-align: baseline; line-height: 1.5; font-family: inherit; background-image: initial; background-position: initial; background-size: initial; background-repeat: initial; background-attachment: initial; background-origin: initial; background-clip: initial;\"><span style=\"margin: 0px; padding: 0px; border: 0px; font-size: inherit; vertical-align: baseline; line-height: 1.5; font-family: inherit;\"><span style=\"margin: 0px; padding: 0px; border: 0px; font-size: 13pt; vertical-align: baseline; line-height: 1.5; font-family: inherit;\"><span times\",\"serif\"\"=\"\" style=\"margin: 0px; padding: 0px; border: 0px; font-size: inherit; vertical-align: baseline; line-height: 1.5; font-family: inherit;\"><span style=\"margin: 0px; padding: 0px; border: 0px; font-size: inherit; vertical-align: baseline; line-height: 1.5; font-family: inherit;\">– Phụ thu phòng đơn : 300.000đ/đêm</span></span></span><span lang=\"VI\" style=\"margin: 0px; padding: 0px; border: 0px; font-size: 13pt; vertical-align: baseline; line-height: 1.5; font-family: inherit; font-style: italic;\"><span times\",\"serif\"\"=\"\" style=\"margin: 0px; padding: 0px; border: 0px; font-size: inherit; vertical-align: baseline; line-height: 1.5; font-family: inherit;\"><span style=\"margin: 0px; padding: 0px; border: 0px; font-size: inherit; vertical-align: baseline; line-height: 1.5; font-family: inherit;\">&nbsp;(3sao) -&nbsp;</span></span></span></span></span><span style=\"margin: 0px; padding: 0px; border: 0px; font-size: inherit; vertical-align: baseline; line-height: 1.5; font-family: inherit; background-image: initial; background-position: initial; background-size: initial; background-repeat: initial; background-attachment: initial; background-origin: initial; background-clip: initial;\"><span style=\"margin: 0px; padding: 0px; border: 0px; font-size: inherit; vertical-align: baseline; line-height: 1.5; font-family: inherit;\"><span lang=\"VI\" style=\"margin: 0px; padding: 0px; border: 0px; font-size: 13pt; vertical-align: baseline; line-height: 1.5; font-family: inherit; font-style: italic;\">500.000đ/đêm (4sao)</span></span></span></p></div>','<p style=\"margin: 16px 0px; padding: 0px; border: 0px; font-size: 16px; vertical-align: baseline; line-height: 1.5; font-family: Roboto, sans-serif;\"><span style=\"margin: 0px; padding: 0px; border: 0px; font-size: inherit; vertical-align: baseline; line-height: 1.5; font-family: Arial, Helvetica, sans-serif;\"><strong style=\"margin: 0px; padding: 0px; border: 0px; font-size: inherit; vertical-align: baseline; line-height: 1.5; font-family: inherit;\"><span style=\"margin: 0px; padding: 0px; border: 0px; font-size: 13.5pt; vertical-align: baseline; line-height: 1.5; font-family: inherit;\"><span style=\"margin: 0px; padding: 0px; border: 0px; font-size: inherit; vertical-align: baseline; line-height: 1.5; font-family: inherit; color: blue;\">NGÀY 01: CẦN THƠ – ĐẤT MŨI CÀ MAU Ăn 03 bữa</span></span></strong></span></p><p style=\"margin: 16px 0px; padding: 0px; border: 0px; font-size: 16px; vertical-align: baseline; line-height: 1.5; font-family: Roboto, sans-serif;\"><span style=\"margin: 0px; padding: 0px; border: 0px; font-size: inherit; vertical-align: baseline; line-height: 1.5; font-family: Arial, Helvetica, sans-serif;\"><strong style=\"margin: 0px; padding: 0px; border: 0px; font-size: inherit; vertical-align: baseline; line-height: 1.5; font-family: inherit;\"><span style=\"margin: 0px; padding: 0px; border: 0px; font-size: 10.5pt; vertical-align: baseline; line-height: 1.5; font-family: inherit;\">Sáng 05h00</span></strong><span style=\"margin: 0px; padding: 0px; border: 0px; font-size: 10.5pt; vertical-align: baseline; line-height: 1.5; font-family: inherit;\">: Xe đón quý khách tại điểm hẹn khởi hành đi&nbsp;<strong style=\"margin: 0px; padding: 0px; border: 0px; font-size: inherit; vertical-align: baseline; line-height: 1.5; font-family: inherit;\">chợ nổi Cái Răng</strong>&nbsp;một trong những chợ nổi đông đúc và nổi tiếng nhất Cần Thơ – đây là chợ đầu mối chuyên mua bán trao đổi hàng hóa trên sông, đặc biệt các loại rau, củ, quả và trái cây bốn mùa… Quý khách về khách sạn dùng điểm tâm sáng. Sau đó quý khách lên xe khởi hành đi Cà Mau. Quý khách dừng chân ở trạm dừng chân Sóc Trăng</span></span></p><p style=\"margin: 16px 0px; padding: 0px; border: 0px; font-size: 16px; vertical-align: baseline; line-height: 1.5; font-family: Roboto, sans-serif;\"><span style=\"margin: 0px; padding: 0px; border: 0px; font-size: inherit; vertical-align: baseline; line-height: 1.5; font-family: Arial, Helvetica, sans-serif;\"><strong style=\"margin: 0px; padding: 0px; border: 0px; font-size: inherit; vertical-align: baseline; line-height: 1.5; font-family: inherit;\"><span style=\"margin: 0px; padding: 0px; border: 0px; font-size: 10.5pt; vertical-align: baseline; line-height: 1.5; font-family: inherit;\">Trưa</span></strong><span style=\"margin: 0px; padding: 0px; border: 0px; font-size: 10.5pt; vertical-align: baseline; line-height: 1.5; font-family: inherit;\">: Quý khách dùng bữa trưa tại nhà hàng</span></span></p><p style=\"margin: 16px 0px; padding: 0px; border: 0px; font-size: 16px; vertical-align: baseline; line-height: 1.5; font-family: Roboto, sans-serif;\"><span style=\"margin: 0px; padding: 0px; border: 0px; font-size: inherit; vertical-align: baseline; line-height: 1.5; font-family: Arial, Helvetica, sans-serif;\"><strong style=\"margin: 0px; padding: 0px; border: 0px; font-size: inherit; vertical-align: baseline; line-height: 1.5; font-family: inherit;\"><span style=\"margin: 0px; padding: 0px; border: 0px; font-size: 10.5pt; vertical-align: baseline; line-height: 1.5; font-family: inherit;\">Chiều</span></strong><span style=\"margin: 0px; padding: 0px; border: 0px; font-size: 10.5pt; vertical-align: baseline; line-height: 1.5; font-family: inherit;\">: Quý khách lên xe khởi hành đi khám phá&nbsp;<strong style=\"margin: 0px; padding: 0px; border: 0px; font-size: inherit; vertical-align: baseline; line-height: 1.5; font-family: inherit;\">Mũi Cà Mau&nbsp;</strong>– trên đường đi ngắm cảnh rừng ngập mặn hệ sinh thái phong phú…Đến mũi Cà Mau – dãi đất thiêng liêng cuối trời Phương Nam tận cùng của tổ quốc. Quý khách sẽ được tận mắt ngắm cảnh và chụp ảnh lưu niệm tại<strong style=\"margin: 0px; padding: 0px; border: 0px; font-size: inherit; vertical-align: baseline; line-height: 1.5; font-family: inherit;\">&nbsp;Mốc tọa độ Quốc gia – GPS 0001</strong>, Panô biểu tượng Mũi Cà Mau – Hình con thuyền rẽ sóng ra khơi. Quý khách ngắm nhìn toàn cảnh Mũi Cà Mau, tham quan Hệ sinh thái rừng ngập mặn tại Vườn Quốc Gia Mũi Cà Mau – Khu Dự trữ Sinh quyển thế giới với hệ động thực vật phong phú tại bãi bồi phù sa. Chiều quý khách khởi hành về thành phố Cà Mau nhận phòng khách sạn nghỉ ngơi..</span></span></p><p style=\"margin: 16px 0px; padding: 0px; border: 0px; font-size: 16px; vertical-align: baseline; line-height: 1.5; font-family: Roboto, sans-serif;\"><span style=\"margin: 0px; padding: 0px; border: 0px; font-size: inherit; vertical-align: baseline; line-height: 1.5; font-family: Arial, Helvetica, sans-serif;\"><strong style=\"margin: 0px; padding: 0px; border: 0px; font-size: inherit; vertical-align: baseline; line-height: 1.5; font-family: inherit;\"><span style=\"margin: 0px; padding: 0px; border: 0px; font-size: 10.5pt; vertical-align: baseline; line-height: 1.5; font-family: inherit;\">Tối</span></strong><span style=\"margin: 0px; padding: 0px; border: 0px; font-size: 10.5pt; vertical-align: baseline; line-height: 1.5; font-family: inherit;\">: Quý khách dùng bữa tối tại nhà hàng, tự do dạo chơi, nghỉ đêm tại khách sạn Cà Mau</span></span></p><p style=\"margin: 16px 0px; padding: 0px; border: 0px; font-size: 16px; vertical-align: baseline; line-height: 1.5; font-family: Roboto, sans-serif;\"><span style=\"margin: 0px; padding: 0px; border: 0px; font-size: inherit; vertical-align: baseline; line-height: 1.5; font-family: Arial, Helvetica, sans-serif;\"><img alt=\"\" src=\"https://www.aussietravel.com.vn/application/media/du-thuyen-chau-a/mu-cang-chai/nen-den-vuon-quoc-gia-mui-ca-mau-khi-nao-a.jpg\" style=\"margin: 0px; padding: 0px; border: 0px; font-size: inherit; vertical-align: baseline; line-height: 1.5; font-family: inherit; width: 800px; max-width: 100%; max-height: 100%; height: 500px;\"></span></p><p style=\"margin: 16px 0px; padding: 0px; border: 0px; font-size: 16px; vertical-align: baseline; line-height: 1.5; font-family: Roboto, sans-serif;\">&nbsp;</p><p style=\"margin: 16px 0px; padding: 0px; border: 0px; font-size: 16px; vertical-align: baseline; line-height: 1.5; font-family: Roboto, sans-serif;\"><span style=\"margin: 0px; padding: 0px; border: 0px; font-size: inherit; vertical-align: baseline; line-height: 1.5; font-family: Arial, Helvetica, sans-serif;\"><strong style=\"margin: 0px; padding: 0px; border: 0px; font-size: inherit; vertical-align: baseline; line-height: 1.5; font-family: inherit;\"><span style=\"margin: 0px; padding: 0px; border: 0px; font-size: 13.5pt; vertical-align: baseline; line-height: 1.5; font-family: inherit;\"><span style=\"margin: 0px; padding: 0px; border: 0px; font-size: inherit; vertical-align: baseline; line-height: 1.5; font-family: inherit; color: blue;\">NGÀY 02: SÓC TRĂNG – BẠC LIÊU – CẦN THƠ Ăn 03 bữa</span></span></strong></span></p><p style=\"margin: 16px 0px; padding: 0px; border: 0px; font-size: 16px; vertical-align: baseline; line-height: 1.5; font-family: Roboto, sans-serif;\"><span style=\"margin: 0px; padding: 0px; border: 0px; font-size: inherit; vertical-align: baseline; line-height: 1.5; font-family: Arial, Helvetica, sans-serif;\"><strong style=\"margin: 0px; padding: 0px; border: 0px; font-size: inherit; vertical-align: baseline; line-height: 1.5; font-family: inherit;\"><span style=\"margin: 0px; padding: 0px; border: 0px; font-size: 10.5pt; vertical-align: baseline; line-height: 1.5; font-family: inherit;\">Sáng:</span></strong><span style=\"margin: 0px; padding: 0px; border: 0px; font-size: 10.5pt; vertical-align: baseline; line-height: 1.5; font-family: inherit;\">&nbsp;Ăn sáng tại khách sạn, trả phòng, sau đó lên xe khởi hành về Bạc Liêu tham quan&nbsp;<strong style=\"margin: 0px; padding: 0px; border: 0px; font-size: inherit; vertical-align: baseline; line-height: 1.5; font-family: inherit;\">nhà thờ Tắc Sậy – Giá Rai Bạc Liêu viếng mộ Cha Trương Bữu Diệp</strong>&nbsp;– vị linh mục nổi tiếng được xem như một vị thánh thi ân, giáng phúc cho những ai tin tưởng, nguyện cầu. Đoàn tiếp tục ghé tham quan&nbsp;<strong style=\"margin: 0px; padding: 0px; border: 0px; font-size: inherit; vertical-align: baseline; line-height: 1.5; font-family: inherit;\">nhà Công tử Bạc Liêu</strong>&nbsp;- Thành ngữ \"Công tử Bạc Liêu\" vốn ra đời từ những năm đầu thế kỷ 20 Về sau, thành ngữ này chỉ dùng để chỉ công tử Trần Trinh Huy vì chẳng công tử nào sánh kịp về khả năng tài chính và độ phóng túng đối với vị công tử này. Từ đó \"Công tử Bạc Liêu\" trở thành danh xưng riêng của Ba Huy, không một ai có thể tranh chấp.</span></span></p><p style=\"margin: 16px 0px; padding: 0px; border: 0px; font-size: 16px; vertical-align: baseline; line-height: 1.5; font-family: Roboto, sans-serif;\"><span style=\"margin: 0px; padding: 0px; border: 0px; font-size: inherit; vertical-align: baseline; line-height: 1.5; font-family: Arial, Helvetica, sans-serif;\"><span style=\"margin: 0px; padding: 0px; border: 0px; font-size: 10.5pt; vertical-align: baseline; line-height: 1.5; font-family: inherit;\">Tiếp theo trong hành trình quý khách đến với&nbsp;<strong style=\"margin: 0px; padding: 0px; border: 0px; font-size: inherit; vertical-align: baseline; line-height: 1.5; font-family: inherit;\">Cánh Đồng Điện Quạt Gió</strong>&nbsp;– Nhà máy điện gió Bạc Liêu được xem là công trình điện gió lớn nhất cả nước, đây cũng là cánh đồng điện gió đầu tiên của Đông Nam Á tới đâu quý khách được ngắm nhìn 62 trụ Turbine khổng lồ bên bờ Biển mênh mông … Sau đó khởi hành về Sóc Trăng quý khách tham quan chùa Sổmng hoặc chùa Xiêm Cán..</span></span></p><p style=\"margin: 16px 0px; padding: 0px; border: 0px; font-size: 16px; vertical-align: baseline; line-height: 1.5; font-family: Roboto, sans-serif;\"><span style=\"margin: 0px; padding: 0px; border: 0px; font-size: inherit; vertical-align: baseline; line-height: 1.5; font-family: Arial, Helvetica, sans-serif;\"><strong style=\"margin: 0px; padding: 0px; border: 0px; font-size: inherit; vertical-align: baseline; line-height: 1.5; font-family: inherit;\"><span style=\"margin: 0px; padding: 0px; border: 0px; font-size: 10.5pt; vertical-align: baseline; line-height: 1.5; font-family: inherit;\">Trưa:</span></strong><span style=\"margin: 0px; padding: 0px; border: 0px; font-size: 10.5pt; vertical-align: baseline; line-height: 1.5; font-family: inherit;\">&nbsp;Quý khách dùng bữa trưa tại nhà hàng</span></span></p><p style=\"margin: 16px 0px; padding: 0px; border: 0px; font-size: 16px; vertical-align: baseline; line-height: 1.5; font-family: Roboto, sans-serif;\"><span style=\"margin: 0px; padding: 0px; border: 0px; font-size: inherit; vertical-align: baseline; line-height: 1.5; font-family: Arial, Helvetica, sans-serif;\"><strong style=\"margin: 0px; padding: 0px; border: 0px; font-size: inherit; vertical-align: baseline; line-height: 1.5; font-family: inherit;\"><span style=\"margin: 0px; padding: 0px; border: 0px; font-size: 10.5pt; vertical-align: baseline; line-height: 1.5; font-family: inherit;\">Chiều:</span></strong><span style=\"margin: 0px; padding: 0px; border: 0px; font-size: 10.5pt; vertical-align: baseline; line-height: 1.5; font-family: inherit;\">&nbsp;Xe tiếp tục hành trình đưa quý khách về lại Cần Thơ, về đến thành phố Cần Thơ xe đưa quý khách về điểm đón ban đầu, Kính chào và hẹn gặp lại quý khách trong những hành trình sau. Chúc quý khách bình an và may mắn, Trân trọng !!!</span></span></p><p style=\"margin: 16px 0px; padding: 0px; border: 0px; font-size: 16px; vertical-align: baseline; line-height: 1.5; font-family: Roboto, sans-serif;\"><img alt=\"\" src=\"https://www.aussietravel.com.vn/application/media/du-thuyen-chau-a/mien-tay/1569298359-f9041eb57c9a929f5b4bb1008fce593c-watermark.jpg\" style=\"margin: 0px; padding: 0px; border: 0px; font-size: inherit; vertical-align: baseline; line-height: 1.5; font-family: inherit; width: 800px; max-width: 100%; max-height: 100%; height: 419px;\"></p>');
/*!40000 ALTER TABLE `tour_detail` ENABLE KEYS */;
UNLOCK TABLES;

--
-- Table structure for table `tour_trips`
--

DROP TABLE IF EXISTS `tour_trips`;
/*!40101 SET @saved_cs_client     = @@character_set_client */;
/*!50503 SET character_set_client = utf8mb4 */;
CREATE TABLE `tour_trips` (
  `tour_id` int NOT NULL,
  `trips_id` int NOT NULL,
  UNIQUE KEY `UK_jwyg8lli4cbq84gaod01l8m4k` (`trips_id`),
  KEY `FKiecmy5e8cxtiwe520a56ea9ij` (`tour_id`),
  CONSTRAINT `FKiecmy5e8cxtiwe520a56ea9ij` FOREIGN KEY (`tour_id`) REFERENCES `tour` (`id`),
  CONSTRAINT `FKinysw7h7a19br5xvy2i8egptf` FOREIGN KEY (`trips_id`) REFERENCES `trip` (`id`)
) ENGINE=InnoDB DEFAULT CHARSET=utf8mb4 COLLATE=utf8mb4_0900_ai_ci;
/*!40101 SET character_set_client = @saved_cs_client */;

--
-- Dumping data for table `tour_trips`
--

LOCK TABLES `tour_trips` WRITE;
/*!40000 ALTER TABLE `tour_trips` DISABLE KEYS */;
/*!40000 ALTER TABLE `tour_trips` ENABLE KEYS */;
UNLOCK TABLES;

--
-- Table structure for table `trip`
--

DROP TABLE IF EXISTS `trip`;
/*!40101 SET @saved_cs_client     = @@character_set_client */;
/*!50503 SET character_set_client = utf8mb4 */;
CREATE TABLE `trip` (
  `id` int NOT NULL AUTO_INCREMENT,
  `departure` varchar(255) DEFAULT NULL,
  `destination` varchar(255) DEFAULT NULL,
  `start_date` datetime(6) DEFAULT NULL,
  `advisor_id` varchar(255) DEFAULT NULL,
  PRIMARY KEY (`id`),
  UNIQUE KEY `UK_cqnw6sneu30my4yf0ryuqkc24` (`advisor_id`),
  CONSTRAINT `FKli12inojoj13c1gnquviva0dp` FOREIGN KEY (`advisor_id`) REFERENCES `user` (`id`)
) ENGINE=InnoDB DEFAULT CHARSET=utf8mb4 COLLATE=utf8mb4_0900_ai_ci;
/*!40101 SET character_set_client = @saved_cs_client */;

--
-- Dumping data for table `trip`
--

LOCK TABLES `trip` WRITE;
/*!40000 ALTER TABLE `trip` DISABLE KEYS */;
/*!40000 ALTER TABLE `trip` ENABLE KEYS */;
UNLOCK TABLES;

--
-- Table structure for table `trip_customers`
--

DROP TABLE IF EXISTS `trip_customers`;
/*!40101 SET @saved_cs_client     = @@character_set_client */;
/*!50503 SET character_set_client = utf8mb4 */;
CREATE TABLE `trip_customers` (
  `trip_id` int NOT NULL,
  `customers_id` varchar(255) NOT NULL,
  PRIMARY KEY (`trip_id`,`customers_id`),
  UNIQUE KEY `UK_ohf4t9m85mvt5ep8xusuked0e` (`customers_id`),
  CONSTRAINT `FKlhytivfr8lyq3fatf1d888t5c` FOREIGN KEY (`customers_id`) REFERENCES `user` (`id`),
  CONSTRAINT `FKq8mk0n5o8o5d4jn0ydik8hrtb` FOREIGN KEY (`trip_id`) REFERENCES `trip` (`id`)
) ENGINE=InnoDB DEFAULT CHARSET=utf8mb4 COLLATE=utf8mb4_0900_ai_ci;
/*!40101 SET character_set_client = @saved_cs_client */;

--
-- Dumping data for table `trip_customers`
--

LOCK TABLES `trip_customers` WRITE;
/*!40000 ALTER TABLE `trip_customers` DISABLE KEYS */;
/*!40000 ALTER TABLE `trip_customers` ENABLE KEYS */;
UNLOCK TABLES;

--
-- Table structure for table `trip_tourguide`
--

DROP TABLE IF EXISTS `trip_tourguide`;
/*!40101 SET @saved_cs_client     = @@character_set_client */;
/*!50503 SET character_set_client = utf8mb4 */;
CREATE TABLE `trip_tourguide` (
  `trip_id` int NOT NULL,
  `tourguide_id` varchar(255) NOT NULL,
  PRIMARY KEY (`trip_id`,`tourguide_id`),
  KEY `FK62dfi7ho1o8fitkivehnsey7y` (`tourguide_id`),
  CONSTRAINT `FK62dfi7ho1o8fitkivehnsey7y` FOREIGN KEY (`tourguide_id`) REFERENCES `user` (`id`),
  CONSTRAINT `FKpv51j5s3ksg4vsa9elb4pnnde` FOREIGN KEY (`trip_id`) REFERENCES `trip` (`id`)
) ENGINE=InnoDB DEFAULT CHARSET=utf8mb4 COLLATE=utf8mb4_0900_ai_ci;
/*!40101 SET character_set_client = @saved_cs_client */;

--
-- Dumping data for table `trip_tourguide`
--

LOCK TABLES `trip_tourguide` WRITE;
/*!40000 ALTER TABLE `trip_tourguide` DISABLE KEYS */;
/*!40000 ALTER TABLE `trip_tourguide` ENABLE KEYS */;
UNLOCK TABLES;

--
-- Table structure for table `user`
--

DROP TABLE IF EXISTS `user`;
/*!40101 SET @saved_cs_client     = @@character_set_client */;
/*!50503 SET character_set_client = utf8mb4 */;
CREATE TABLE `user` (
  `id` varchar(255) NOT NULL,
  `birth_day` datetime(6) DEFAULT NULL,
  `created_date` datetime(6) DEFAULT NULL,
  `email` varchar(255) NOT NULL,
  `is_active` bit(1) NOT NULL,
  `name` varchar(255) NOT NULL,
  `password` varchar(255) NOT NULL,
  `phone` varchar(255) DEFAULT NULL,
  `updated_date` datetime(6) DEFAULT NULL,
  PRIMARY KEY (`id`)
) ENGINE=InnoDB DEFAULT CHARSET=utf8mb4 COLLATE=utf8mb4_0900_ai_ci;
/*!40101 SET character_set_client = @saved_cs_client */;

--
-- Dumping data for table `user`
--

LOCK TABLES `user` WRITE;
/*!40000 ALTER TABLE `user` DISABLE KEYS */;
/*!40000 ALTER TABLE `user` ENABLE KEYS */;
UNLOCK TABLES;

--
-- Table structure for table `user_role`
--

DROP TABLE IF EXISTS `user_role`;
/*!40101 SET @saved_cs_client     = @@character_set_client */;
/*!50503 SET character_set_client = utf8mb4 */;
CREATE TABLE `user_role` (
  `user_id` varchar(255) NOT NULL,
  `role_id` int NOT NULL,
  PRIMARY KEY (`user_id`,`role_id`),
  KEY `FKa68196081fvovjhkek5m97n3y` (`role_id`),
  CONSTRAINT `FK859n2jvi8ivhui0rl0esws6o` FOREIGN KEY (`user_id`) REFERENCES `user` (`id`),
  CONSTRAINT `FKa68196081fvovjhkek5m97n3y` FOREIGN KEY (`role_id`) REFERENCES `role` (`id`)
) ENGINE=InnoDB DEFAULT CHARSET=utf8mb4 COLLATE=utf8mb4_0900_ai_ci;
/*!40101 SET character_set_client = @saved_cs_client */;

--
-- Dumping data for table `user_role`
--

LOCK TABLES `user_role` WRITE;
/*!40000 ALTER TABLE `user_role` DISABLE KEYS */;
/*!40000 ALTER TABLE `user_role` ENABLE KEYS */;
UNLOCK TABLES;
/*!40103 SET TIME_ZONE=@OLD_TIME_ZONE */;

/*!40101 SET SQL_MODE=@OLD_SQL_MODE */;
/*!40014 SET FOREIGN_KEY_CHECKS=@OLD_FOREIGN_KEY_CHECKS */;
/*!40014 SET UNIQUE_CHECKS=@OLD_UNIQUE_CHECKS */;
/*!40101 SET CHARACTER_SET_CLIENT=@OLD_CHARACTER_SET_CLIENT */;
/*!40101 SET CHARACTER_SET_RESULTS=@OLD_CHARACTER_SET_RESULTS */;
/*!40101 SET COLLATION_CONNECTION=@OLD_COLLATION_CONNECTION */;
/*!40111 SET SQL_NOTES=@OLD_SQL_NOTES */;

-- Dump completed on 2023-12-08 14:48:52
